X [m],Y [m],Z [m]
0.0000,0.0000,0.1000
-0.0002,-0.0000,0.1001
-0.0002,-0.0001,0.1002
-0.0002,-0.0001,0.1003
-0.0000,-0.0001,0.1003
0.0001,-0.0001,0.1003
0.0002,-0.0001,0.1002
0.0003,-0.0001,0.1001
0.0004,-0.0001,0.1000
0.0005,-0.0001,0.0999
0.0006,-0.0001,0.0997
0.0007,-0.0001,0.0996
0.0007,-0.0000,0.0994
0.0008,-0.0000,0.0992
0.0008,-0.0000,0.0991
0.0009,0.0000,0.0989
0.0009,0.0000,0.0987
0.0010,0.0000,0.0985
0.0010,0.0000,0.0983
0.0011,0.0000,0.0981
0.0011,0.0000,0.0978
0.0012,0.0000,0.0976
0.0012,0.0000,0.0974
0.0013,0.0000,0.0971
0.0014,0.0000,0.0969
0.0014,0.0000,0.0967
0.0015,0.0000,0.0964
0.0016,0.0000,0.0962
0.0016,0.0000,0.0959
0.0017,0.0000,0.0957
0.0018,-0.0000,0.0954
0.0018,-0.0000,0.0951
0.0019,-0.0000,0.0949
0.0020,-0.0000,0.0946
0.0021,-0.0001,0.0943
0.0021,-0.0001,0.0941
0.0022,-0.0001,0.0938
0.0023,-0.0001,0.0935
0.0024,-0.0001,0.0933
0.0025,-0.0002,0.0930
0.0025,-0.0002,0.0927
0.0026,-0.0002,0.0924
0.0027,-0.0002,0.0921
0.0028,-0.0002,0.0918
0.0029,-0.0003,0.0916
0.0030,-0.0003,0.0913
0.0030,-0.0003,0.0910
0.0031,-0.0003,0.0907
0.0032,-0.0003,0.0904
0.0033,-0.0003,0.0901
0.0034,-0.0003,0.0898
0.0035,-0.0003,0.0895
0.0035,-0.0003,0.0892
0.0036,-0.0003,0.0889
0.0037,-0.0003,0.0887
0.0038,-0.0003,0.0884
0.0039,-0.0003,0.0881
0.0040,-0.0003,0.0878
0.0041,-0.0003,0.0875
0.0042,-0.0003,0.0872
0.0043,-0.0003,0.0869
0.0044,-0.0003,0.0866
0.0045,-0.0003,0.0863
0.0046,-0.0003,0.0860
0.0047,-0.0003,0.0857
0.0048,-0.0003,0.0854
0.0049,-0.0003,0.0851
0.0050,-0.0003,0.0848
0.0051,-0.0002,0.0845
0.0052,-0.0002,0.0842
0.0053,-0.0002,0.0839
0.0054,-0.0002,0.0836
0.0055,-0.0002,0.0834
0.0056,-0.0001,0.0831
0.0057,-0.0001,0.0828
0.0058,-0.0001,0.0825
0.0059,-0.0000,0.0822
0.0061,-0.0000,0.0819
0.0062,0.0000,0.0817
0.0063,0.0001,0.0814
0.0064,0.0001,0.0811
0.0066,0.0001,0.0808
0.0067,0.0002,0.0805
0.0068,0.0002,0.0803
0.0070,0.0003,0.0800
0.0071,0.0003,0.0797
0.0072,0.0003,0.0795
0.0074,0.0004,0.0792
0.0075,0.0004,0.0789
0.0077,0.0005,0.0787
0.0078,0.0005,0.0784
0.0080,0.0006,0.0782
0.0081,0.0006,0.0779
0.0083,0.0007,0.0777
0.0084,0.0008,0.0774
0.0086,0.0008,0.0772
0.0087,0.0009,0.0769
0.0089,0.0009,0.0767
0.0091,0.0010,0.0765
0.0092,0.0011,0.0762
0.0094,0.0011,0.0760
0.0096,0.0012,0.0758
0.0098,0.0013,0.0755
0.0099,0.0014,0.0753
0.0101,0.0014,0.0751
0.0103,0.0015,0.0749
0.0105,0.0016,0.0747
0.0107,0.0017,0.0745
0.0109,0.0017,0.0743
0.0111,0.0018,0.0741
0.0113,0.0019,0.0739
0.0114,0.0020,0.0737
0.0116,0.0021,0.0735
0.0118,0.0021,0.0733
0.0120,0.0022,0.0731
0.0123,0.0023,0.0729
0.0125,0.0024,0.0727
0.0127,0.0025,0.0725
0.0129,0.0026,0.0724
0.0131,0.0026,0.0722
0.0133,0.0027,0.0720
0.0135,0.0028,0.0718
0.0137,0.0029,0.0717
0.0139,0.0030,0.0715
0.0142,0.0030,0.0713
0.0144,0.0031,0.0712
0.0146,0.0032,0.0710
0.0148,0.0033,0.0708
0.0150,0.0034,0.0707
0.0153,0.0035,0.0705
0.0155,0.0035,0.0704
0.0157,0.0036,0.0702
0.0159,0.0037,0.0701
0.0161,0.0038,0.0699
0.0164,0.0038,0.0698
0.0166,0.0039,0.0696
0.0168,0.0040,0.0695
0.0170,0.0041,0.0694
0.0173,0.0041,0.0692
0.0175,0.0042,0.0691
0.0177,0.0043,0.0690
0.0180,0.0043,0.0688
0.0182,0.0044,0.0687
0.0184,0.0044,0.0686
0.0186,0.0045,0.0685
0.0189,0.0045,0.0684
0.0191,0.0046,0.0682
0.0193,0.0046,0.0681
0.0196,0.0047,0.0680
0.0198,0.0047,0.0679
0.0200,0.0048,0.0678
0.0203,0.0048,0.0677
0.0205,0.0048,0.0676
0.0208,0.0049,0.0675
0.0210,0.0049,0.0674
0.0212,0.0049,0.0673
0.0215,0.0050,0.0672
0.0217,0.0050,0.0671
0.0220,0.0050,0.0670
0.0222,0.0050,0.0670
0.0224,0.0050,0.0669
0.0227,0.0050,0.0668
0.0229,0.0051,0.0667
0.0232,0.0051,0.0666
0.0234,0.0051,0.0665
0.0236,0.0051,0.0665
0.0239,0.0051,0.0664
0.0241,0.0051,0.0663
0.0244,0.0051,0.0662
0.0246,0.0051,0.0662
0.0249,0.0051,0.0661
0.0251,0.0051,0.0660
0.0253,0.0051,0.0660
0.0256,0.0051,0.0659
0.0258,0.0051,0.0658
0.0261,0.0050,0.0658
0.0263,0.0050,0.0657
0.0265,0.0050,0.0657
0.0268,0.0050,0.0656
0.0270,0.0050,0.0655
0.0272,0.0050,0.0655
0.0275,0.0050,0.0654
0.0277,0.0050,0.0654
0.0279,0.0049,0.0653
0.0282,0.0049,0.0653
0.0284,0.0049,0.0652
0.0286,0.0049,0.0651
0.0289,0.0049,0.0651
0.0291,0.0048,0.0651
0.0293,0.0048,0.0650
0.0296,0.0048,0.0650
0.0298,0.0048,0.0649
0.0300,0.0048,0.0649
0.0303,0.0047,0.0648
0.0305,0.0047,0.0648
0.0307,0.0047,0.0648
0.0309,0.0047,0.0647
0.0312,0.0046,0.0647
0.0314,0.0046,0.0647
0.0316,0.0046,0.0646
0.0318,0.0046,0.0646
0.0321,0.0045,0.0646
0.0323,0.0045,0.0646
0.0325,0.0045,0.0645
0.0327,0.0045,0.0645
0.0330,0.0044,0.0645
0.0332,0.0044,0.0645
0.0334,0.0044,0.0645
0.0336,0.0043,0.0645
0.0339,0.0043,0.0645
0.0341,0.0043,0.0645
0.0343,0.0042,0.0645
0.0345,0.0042,0.0645
0.0347,0.0042,0.0645
0.0350,0.0041,0.0645
0.0352,0.0041,0.0645
0.0354,0.0040,0.0645
0.0356,0.0040,0.0645
0.0359,0.0040,0.0645
0.0361,0.0039,0.0645
0.0363,0.0039,0.0645
0.0365,0.0038,0.0646
0.0367,0.0038,0.0646
0.0370,0.0037,0.0646
0.0372,0.0037,0.0646
0.0374,0.0036,0.0646
0.0376,0.0036,0.0647
0.0379,0.0035,0.0647
0.0381,0.0035,0.0647
0.0383,0.0034,0.0648
0.0385,0.0034,0.0648
0.0387,0.0033,0.0648
0.0390,0.0033,0.0649
0.0392,0.0032,0.0649
0.0394,0.0032,0.0649
0.0396,0.0031,0.0650
0.0399,0.0030,0.0650
0.0401,0.0030,0.0651
0.0403,0.0029,0.0651
0.0405,0.0029,0.0651
0.0408,0.0028,0.0652
0.0410,0.0027,0.0652
0.0412,0.0027,0.0653
0.0415,0.0026,0.0653
0.0417,0.0025,0.0654
0.0419,0.0025,0.0654
0.0421,0.0024,0.0655
0.0424,0.0023,0.0655
0.0426,0.0022,0.0656
0.0428,0.0022,0.0656
0.0430,0.0021,0.0657
0.0432,0.0020,0.0657
0.0434,0.0020,0.0658
0.0436,0.0019,0.0658
0.0438,0.0018,0.0658
0.0440,0.0018,0.0659
0.0442,0.0017,0.0659
0.0444,0.0016,0.0659
0.0446,0.0016,0.0659
0.0447,0.0015,0.0660
0.0449,0.0014,0.0660
0.0451,0.0014,0.0660
0.0453,0.0013,0.0660
0.0454,0.0013,0.0660
0.0456,0.0012,0.0660
0.0458,0.0011,0.0660
0.0459,0.0011,0.0660
0.0461,0.0010,0.0660
0.0463,0.0010,0.0660
0.0464,0.0010,0.0660
0.0466,0.0009,0.0660
0.0467,0.0009,0.0661
0.0469,0.0008,0.0661
0.0470,0.0007,0.0661
0.0472,0.0007,0.0661
0.0473,0.0006,0.0661
0.0475,0.0006,0.0661
0.0476,0.0006,0.0661
0.0478,0.0006,0.0661
0.0479,0.0005,0.0661
0.0480,0.0005,0.0661
0.0482,0.0004,0.0661
0.0483,0.0003,0.0661
0.0485,0.0003,0.0661
0.0486,0.0003,0.0661
0.0488,0.0003,0.0661
0.0489,0.0002,0.0661
0.0491,0.0002,0.0662
0.0492,0.0002,0.0662
0.0494,0.0001,0.0662
0.0496,0.0001,0.0662
0.0497,0.0000,0.0662
0.0499,-0.0000,0.0662
0.0500,-0.0001,0.0662
0.0502,-0.0001,0.0663
0.0504,-0.0001,0.0663
0.0505,-0.0001,0.0663
0.0507,-0.0002,0.0663
0.0508,-0.0002,0.0663
0.0510,-0.0002,0.0664
0.0512,-0.0003,0.0664
0.0513,-0.0003,0.0664
0.0515,-0.0003,0.0664
0.0516,-0.0004,0.0665
0.0518,-0.0004,0.0665
0.0519,-0.0004,0.0665
0.0521,-0.0004,0.0665
0.0523,-0.0005,0.0666
0.0524,-0.0005,0.0666
0.0526,-0.0006,0.0666
0.0527,-0.0006,0.0667
0.0529,-0.0006,0.0667
0.0531,-0.0006,0.0667
0.0532,-0.0006,0.0667
0.0534,-0.0006,0.0668
0.0535,-0.0007,0.0668
0.0537,-0.0007,0.0668
0.0538,-0.0007,0.0669
0.0540,-0.0008,0.0669
0.0541,-0.0008,0.0669
0.0543,-0.0008,0.0669
0.0545,-0.0008,0.0670
0.0546,-0.0008,0.0670
0.0548,-0.0009,0.0670
0.0549,-0.0009,0.0671
0.0551,-0.0009,0.0671
0.0552,-0.0009,0.0671
0.0554,-0.0010,0.0672
0.0555,-0.0010,0.0672
0.0557,-0.0010,0.0672
0.0558,-0.0010,0.0673
0.0560,-0.0010,0.0673
0.0561,-0.0010,0.0673
0.0563,-0.0011,0.0673
0.0564,-0.0011,0.0674
0.0566,-0.0011,0.0674
0.0567,-0.0011,0.0674
0.0569,-0.0011,0.0675
0.0570,-0.0011,0.0675
0.0572,-0.0011,0.0675
0.0573,-0.0012,0.0676
0.0575,-0.0012,0.0676
0.0576,-0.0012,0.0676
0.0578,-0.0012,0.0676
0.0579,-0.0013,0.0677
0.0580,-0.0013,0.0677
0.0582,-0.0013,0.0677
0.0583,-0.0013,0.0677
0.0585,-0.0013,0.0678
0.0586,-0.0013,0.0678
0.0588,-0.0013,0.0678
0.0589,-0.0013,0.0679
0.0591,-0.0014,0.0679
0.0592,-0.0014,0.0679
0.0594,-0.0014,0.0679
0.0595,-0.0014,0.0680
0.0596,-0.0014,0.0680
0.0598,-0.0014,0.0680
0.0599,-0.0014,0.0680
0.0601,-0.0015,0.0681
0.0602,-0.0015,0.0681
0.0604,-0.0015,0.0681
0.0605,-0.0015,0.0681
0.0607,-0.0015,0.0682
0.0608,-0.0015,0.0682
0.0609,-0.0015,0.0682
0.0611,-0.0015,0.0682
0.0612,-0.0016,0.0683
0.0614,-0.0016,0.0683
0.0615,-0.0016,0.0683
0.0617,-0.0016,0.0683
0.0618,-0.0016,0.0684
0.0620,-0.0016,0.0684
0.0621,-0.0016,0.0684
0.0623,-0.0016,0.0684
0.0624,-0.0017,0.0685
0.0625,-0.0017,0.0685
0.0627,-0.0017,0.0685
0.0628,-0.0017,0.0685
0.0630,-0.0018,0.0685
0.0631,-0.0018,0.0686
0.0633,-0.0017,0.0686
0.0634,-0.0017,0.0686
0.0636,-0.0018,0.0686
0.0637,-0.0018,0.0686
0.0639,-0.0018,0.0687
0.0640,-0.0018,0.0687
0.0642,-0.0019,0.0687
0.0643,-0.0019,0.0687
0.0645,-0.0019,0.0687
0.0646,-0.0019,0.0688
0.0648,-0.0019,0.0688
0.0649,-0.0019,0.0688
0.0651,-0.0019,0.0688
0.0652,-0.0019,0.0688
0.0654,-0.0020,0.0689
0.0655,-0.0020,0.0689
0.0657,-0.0020,0.0689
0.0658,-0.0020,0.0689
0.0660,-0.0020,0.0689
0.0661,-0.0020,0.0690
0.0663,-0.0020,0.0690
0.0664,-0.0020,0.0690
0.0666,-0.0021,0.0690
0.0667,-0.0021,0.0690
0.0669,-0.0021,0.0690
0.0670,-0.0021,0.0691
0.0672,-0.0021,0.0691
0.0673,-0.0021,0.0691
0.0675,-0.0021,0.0691
0.0676,-0.0021,0.0691
0.0678,-0.0021,0.0691
0.0679,-0.0022,0.0691
0.0681,-0.0022,0.0692
0.0682,-0.0022,0.0692
0.0684,-0.0022,0.0692
0.0685,-0.0022,0.0692
0.0687,-0.0022,0.0692
0.0689,-0.0022,0.0692
0.0690,-0.0022,0.0692
0.0692,-0.0023,0.0693
0.0693,-0.0023,0.0693
0.0695,-0.0023,0.0693
0.0696,-0.0023,0.0693
0.0698,-0.0023,0.0693
0.0699,-0.0023,0.0693
0.0701,-0.0023,0.0693
0.0703,-0.0023,0.0693
0.0704,-0.0023,0.0693
0.0706,-0.0024,0.0694
0.0707,-0.0024,0.0694
0.0709,-0.0024,0.0694
0.0710,-0.0024,0.0694
0.0712,-0.0024,0.0694
0.0714,-0.0024,0.0694
0.0715,-0.0024,0.0694
0.0717,-0.0024,0.0694
0.0718,-0.0025,0.0694
0.0720,-0.0025,0.0694
0.0722,-0.0025,0.0694
0.0723,-0.0025,0.0694
0.0725,-0.0025,0.0695
0.0726,-0.0025,0.0695
0.0728,-0.0025,0.0695
0.0730,-0.0025,0.0695
0.0731,-0.0025,0.0695
0.0733,-0.0026,0.0695
0.0734,-0.0026,0.0695
0.0736,-0.0026,0.0695
0.0738,-0.0026,0.0695
0.0739,-0.0026,0.0695
0.0741,-0.0026,0.0695
0.0743,-0.0026,0.0695
0.0744,-0.0026,0.0695
0.0746,-0.0027,0.0695
0.0747,-0.0027,0.0695
0.0749,-0.0027,0.0695
0.0751,-0.0027,0.0695
0.0752,-0.0027,0.0695
0.0754,-0.0027,0.0695
0.0756,-0.0027,0.0695
0.0757,-0.0027,0.0695
0.0759,-0.0027,0.0695
0.0761,-0.0028,0.0695
0.0762,-0.0028,0.0695
0.0764,-0.0028,0.0695
0.0766,-0.0028,0.0695
0.0767,-0.0028,0.0695
0.0769,-0.0028,0.0695
0.0771,-0.0028,0.0695
0.0772,-0.0028,0.0695
0.0774,-0.0028,0.0695
0.0776,-0.0029,0.0695
0.0777,-0.0029,0.0695
0.0779,-0.0029,0.0695
0.0781,-0.0029,0.0695
0.0782,-0.0029,0.0695
0.0784,-0.0029,0.0695
0.0786,-0.0029,0.0695
0.0787,-0.0029,0.0695
0.0789,-0.0029,0.0695
0.0791,-0.0030,0.0695
0.0793,-0.0030,0.0695
0.0794,-0.0030,0.0694
0.0796,-0.0030,0.0694
0.0798,-0.0030,0.0694
0.0799,-0.0030,0.0694
0.0801,-0.0030,0.0694
0.0803,-0.0030,0.0694
0.0805,-0.0031,0.0694
0.0806,-0.0031,0.0694
0.0808,-0.0031,0.0694
0.0810,-0.0031,0.0694
0.0812,-0.0031,0.0694
0.0813,-0.0031,0.0693
0.0815,-0.0031,0.0693
0.0817,-0.0031,0.0693
0.0818,-0.0031,0.0693
0.0820,-0.0032,0.0693
0.0822,-0.0032,0.0693
0.0824,-0.0032,0.0693
0.0825,-0.0032,0.0693
0.0827,-0.0032,0.0692
0.0829,-0.0032,0.0692
0.0831,-0.0032,0.0692
0.0832,-0.0032,0.0692
0.0834,-0.0032,0.0692
0.0836,-0.0033,0.0692
0.0838,-0.0033,0.0691
0.0840,-0.0033,0.0691
0.0841,-0.0033,0.0691
0.0843,-0.0033,0.0691
0.0845,-0.0033,0.0691
0.0847,-0.0033,0.0691
0.0848,-0.0033,0.0690
0.0850,-0.0033,0.0690
0.0852,-0.0034,0.0690
0.0854,-0.0034,0.0690
0.0856,-0.0034,0.0690
0.0857,-0.0034,0.0689
0.0859,-0.0034,0.0689
0.0861,-0.0034,0.0689
0.0863,-0.0034,0.0689
0.0864,-0.0034,0.0688
0.0866,-0.0034,0.0688
0.0868,-0.0035,0.0688
0.0870,-0.0035,0.0688
0.0872,-0.0035,0.0687
0.0874,-0.0035,0.0687
0.0875,-0.0035,0.0687
0.0877,-0.0035,0.0687
0.0879,-0.0035,0.0687
0.0881,-0.0035,0.0686
0.0883,-0.0035,0.0686
0.0884,-0.0036,0.0686
0.0886,-0.0036,0.0685
0.0888,-0.0036,0.0685
0.0890,-0.0036,0.0685
0.0892,-0.0036,0.0685
0.0894,-0.0036,0.0684
0.0895,-0.0036,0.0684
0.0897,-0.0036,0.0684
0.0899,-0.0036,0.0683
0.0901,-0.0037,0.0683
0.0903,-0.0037,0.0683
0.0905,-0.0037,0.0682
0.0907,-0.0037,0.0682
0.0908,-0.0037,0.0682
0.0910,-0.0037,0.0681
0.0912,-0.0037,0.0681
0.0914,-0.0037,0.0681
0.0916,-0.0037,0.0680
0.0918,-0.0038,0.0680
0.0920,-0.0038,0.0680
0.0921,-0.0038,0.0679
0.0923,-0.0038,0.0679
0.0925,-0.0038,0.0679
0.0927,-0.0038,0.0678
0.0929,-0.0038,0.0678
0.0931,-0.0038,0.0677
0.0933,-0.0038,0.0677
0.0935,-0.0039,0.0677
0.0936,-0.0039,0.0676
0.0938,-0.0039,0.0676
0.0940,-0.0039,0.0675
0.0942,-0.0039,0.0675
0.0944,-0.0039,0.0675
0.0946,-0.0039,0.0674
0.0948,-0.0039,0.0674
0.0950,-0.0039,0.0673
0.0952,-0.0040,0.0673
0.0954,-0.0040,0.0672
0.0955,-0.0040,0.0672
0.0957,-0.0040,0.0672
0.0959,-0.0040,0.0671
0.0961,-0.0040,0.0671
0.0963,-0.0040,0.0670
0.0965,-0.0040,0.0670
0.0967,-0.0040,0.0669
0.0969,-0.0040,0.0669
0.0971,-0.0041,0.0668
0.0973,-0.0041,0.0668
0.0975,-0.0041,0.0667
0.0976,-0.0041,0.0667
0.0978,-0.0040,0.0667
0.0980,-0.0041,0.0666
0.0982,-0.0041,0.0666
0.0984,-0.0041,0.0665
0.0986,-0.0041,0.0664
0.0988,-0.0042,0.0664
0.0990,-0.0042,0.0663
0.0992,-0.0041,0.0663
0.0994,-0.0041,0.0662
0.0996,-0.0041,0.0662
0.0998,-0.0041,0.0661
0.1000,-0.0042,0.0661
0.1002,-0.0042,0.0660
0.1004,-0.0042,0.0660
0.1006,-0.0042,0.0659
0.1007,-0.0042,0.0659
0.1009,-0.0042,0.0658
0.1011,-0.0042,0.0657
0.1013,-0.0042,0.0657
0.1015,-0.0042,0.0656
0.1017,-0.0043,0.0656
0.1019,-0.0043,0.0655
0.1021,-0.0043,0.0655
0.1023,-0.0043,0.0654
0.1025,-0.0043,0.0653
0.1027,-0.0043,0.0653
0.1029,-0.0043,0.0652
0.1031,-0.0043,0.0652
0.1033,-0.0043,0.0651
0.1035,-0.0043,0.0650
0.1037,-0.0044,0.0650
0.1039,-0.0044,0.0649
0.1041,-0.0044,0.0648
0.1043,-0.0044,0.0648
0.1045,-0.0044,0.0647
0.1047,-0.0044,0.0646
0.1049,-0.0044,0.0646
0.1051,-0.0044,0.0645
0.1053,-0.0044,0.0644
0.1055,-0.0044,0.0644
0.1057,-0.0045,0.0643
0.1059,-0.0045,0.0642
0.1061,-0.0045,0.0642
0.1063,-0.0045,0.0641
0.1065,-0.0044,0.0640
0.1067,-0.0044,0.0640
0.1069,-0.0045,0.0639
0.1071,-0.0045,0.0638
0.1073,-0.0045,0.0637
0.1075,-0.0045,0.0637
0.1077,-0.0045,0.0636
0.1079,-0.0045,0.0635
0.1081,-0.0045,0.0635
0.1083,-0.0045,0.0634
0.1085,-0.0045,0.0633
0.1087,-0.0045,0.0632
0.1089,-0.0046,0.0631
0.1091,-0.0046,0.0631
0.1093,-0.0046,0.0630
0.1095,-0.0046,0.0629
0.1097,-0.0046,0.0628
0.1099,-0.0046,0.0628
0.1101,-0.0046,0.0627
0.1103,-0.0046,0.0626
0.1105,-0.0046,0.0625
0.1107,-0.0047,0.0624
0.1109,-0.0047,0.0623
0.1111,-0.0047,0.0623
0.1113,-0.0047,0.0622
0.1115,-0.0047,0.0621
0.1117,-0.0047,0.0620
0.1119,-0.0047,0.0619
0.1121,-0.0047,0.0619
0.1123,-0.0047,0.0618
0.1125,-0.0047,0.0617
0.1127,-0.0048,0.0616
0.1129,-0.0048,0.0615
0.1131,-0.0048,0.0614
0.1133,-0.0047,0.0613
0.1135,-0.0047,0.0612
0.1137,-0.0047,0.0612
0.1139,-0.0048,0.0611
0.1141,-0.0048,0.0610
0.1143,-0.0048,0.0609
0.1145,-0.0048,0.0608
0.1147,-0.0048,0.0607
0.1149,-0.0048,0.0606
0.1151,-0.0048,0.0605
0.1153,-0.0048,0.0604
0.1155,-0.0048,0.0603
0.1157,-0.0048,0.0602
0.1159,-0.0048,0.0601
0.1162,-0.0049,0.0600
0.1164,-0.0049,0.0599
0.1166,-0.0049,0.0598
0.1168,-0.0049,0.0597
0.1170,-0.0049,0.0596
0.1172,-0.0049,0.0596
0.1174,-0.0049,0.0595
0.1176,-0.0049,0.0594
0.1178,-0.0049,0.0593
0.1180,-0.0049,0.0591
0.1182,-0.0049,0.0590
0.1184,-0.0049,0.0589
0.1186,-0.0049,0.0588
0.1188,-0.0049,0.0588
0.1190,-0.0049,0.0587
0.1192,-0.0049,0.0585
0.1194,-0.0049,0.0584
0.1196,-0.0050,0.0583
0.1198,-0.0050,0.0582
0.1200,-0.0050,0.0581
0.1203,-0.0050,0.0580
0.1205,-0.0050,0.0579
0.1207,-0.0050,0.0578
0.1209,-0.0050,0.0577
0.1211,-0.0050,0.0576
0.1213,-0.0050,0.0575
0.1215,-0.0050,0.0574
0.1217,-0.0050,0.0573
0.1219,-0.0050,0.0572
0.1221,-0.0050,0.0571
0.1223,-0.0050,0.0570
0.1225,-0.0050,0.0569
0.1227,-0.0050,0.0568
0.1229,-0.0050,0.0567
0.1231,-0.0050,0.0566
0.1234,-0.0050,0.0565
0.1236,-0.0051,0.0564
0.1238,-0.0050,0.0563
0.1240,-0.0050,0.0562
0.1242,-0.0050,0.0561
0.1244,-0.0050,0.0560
0.1246,-0.0050,0.0559
0.1248,-0.0050,0.0558
0.1250,-0.0050,0.0557
0.1252,-0.0050,0.0556
0.1254,-0.0050,0.0555
0.1256,-0.0050,0.0554
0.1258,-0.0050,0.0553
0.1260,-0.0050,0.0552
0.1262,-0.0050,0.0551
0.1265,-0.0050,0.0550
0.1267,-0.0050,0.0549
0.1269,-0.0050,0.0548
0.1271,-0.0050,0.0547
0.1273,-0.0050,0.0546
0.1275,-0.0050,0.0545
0.1277,-0.0050,0.0544
0.1279,-0.0049,0.0543
0.1281,-0.0049,0.0542
0.1283,-0.0049,0.0542
0.1285,-0.0049,0.0541
0.1287,-0.0049,0.0540
0.1289,-0.0049,0.0539
0.1291,-0.0049,0.0538
0.1293,-0.0049,0.0537
0.1295,-0.0049,0.0536
0.1297,-0.0049,0.0536
0.1299,-0.0048,0.0535
0.1301,-0.0048,0.0534
0.1303,-0.0048,0.0533
0.1305,-0.0048,0.0532
0.1307,-0.0048,0.0532
0.1309,-0.0048,0.0531
0.1311,-0.0048,0.0530
0.1313,-0.0048,0.0530
0.1315,-0.0047,0.0529
0.1317,-0.0047,0.0528
0.1319,-0.0047,0.0528
0.1321,-0.0047,0.0527
0.1322,-0.0047,0.0526
0.1324,-0.0047,0.0526
0.1326,-0.0047,0.0525
0.1328,-0.0047,0.0525
0.1330,-0.0046,0.0524
0.1332,-0.0046,0.0524
0.1334,-0.0046,0.0523
0.1336,-0.0045,0.0523
0.1338,-0.0045,0.0522
0.1340,-0.0045,0.0522
0.1341,-0.0045,0.0521
0.1343,-0.0045,0.0521
0.1345,-0.0045,0.0520
0.1347,-0.0044,0.0520
0.1349,-0.0044,0.0520
0.1351,-0.0043,0.0519
0.1352,-0.0043,0.0519
0.1354,-0.0043,0.0519
0.1356,-0.0043,0.0518
0.1358,-0.0043,0.0518
0.1360,-0.0042,0.0518
0.1362,-0.0042,0.0517
0.1363,-0.0041,0.0517
0.1365,-0.0041,0.0517
0.1367,-0.0041,0.0517
0.1369,-0.0040,0.0517
0.1371,-0.0040,0.0517
0.1372,-0.0040,0.0517
0.1374,-0.0039,0.0517
0.1376,-0.0039,0.0516
0.1378,-0.0039,0.0516
0.1380,-0.0038,0.0517
0.1381,-0.0037,0.0517
0.1383,-0.0037,0.0517
0.1385,-0.0036,0.0517
0.1387,-0.0036,0.0517
0.1389,-0.0036,0.0517
0.1390,-0.0035,0.0517
0.1392,-0.0035,0.0517
0.1394,-0.0034,0.0517
0.1396,-0.0034,0.0518
0.1398,-0.0033,0.0518
0.1399,-0.0032,0.0518
0.1401,-0.0032,0.0518
0.1403,-0.0031,0.0519
0.1405,-0.0031,0.0519
0.1407,-0.0030,0.0519
0.1409,-0.0030,0.0519
0.1411,-0.0029,0.0520
0.1413,-0.0029,0.0520
0.1415,-0.0028,0.0521
0.1417,-0.0027,0.0521
0.1419,-0.0027,0.0522
0.1422,-0.0026,0.0522
0.1424,-0.0026,0.0523
0.1427,-0.0025,0.0523
0.1429,-0.0025,0.0524
0.1432,-0.0024,0.0525
0.1435,-0.0023,0.0525
0.1437,-0.0023,0.0526
0.1440,-0.0022,0.0527
0.1443,-0.0022,0.0528
0.1446,-0.0021,0.0529
0.1448,-0.0020,0.0530
0.1451,-0.0020,0.0531
0.1454,-0.0019,0.0531
0.1457,-0.0019,0.0532
0.1459,-0.0018,0.0533
0.1462,-0.0017,0.0534
0.1465,-0.0017,0.0536
0.1468,-0.0016,0.0537
0.1471,-0.0015,0.0538
0.1474,-0.0015,0.0539
0.1477,-0.0014,0.0540
0.1479,-0.0013,0.0541
0.1482,-0.0012,0.0543
0.1485,-0.0012,0.0544
0.1488,-0.0011,0.0545
0.1491,-0.0010,0.0546
0.1494,-0.0010,0.0548
0.1497,-0.0009,0.0549
0.1500,-0.0008,0.0550
0.1503,-0.0007,0.0552
0.1506,-0.0007,0.0553
0.1509,-0.0006,0.0555
0.1512,-0.0005,0.0556
0.1515,-0.0005,0.0558
0.1518,-0.0004,0.0559
0.1521,-0.0003,0.0561
0.1524,-0.0002,0.0562
0.1527,-0.0002,0.0564
0.1530,-0.0001,0.0565
0.1533,-0.0000,0.0567
0.1535,0.0001,0.0568
0.1538,0.0001,0.0570
0.1540,0.0002,0.0571
0.1542,0.0003,0.0572
0.1545,0.0004,0.0574
0.1547,0.0004,0.0575
0.1549,0.0005,0.0576
0.1551,0.0006,0.0577
0.1553,0.0006,0.0578
0.1555,0.0007,0.0579
0.1557,0.0007,0.0580
0.1559,0.0008,0.0581
0.1561,0.0008,0.0582
0.1563,0.0009,0.0583
0.1565,0.0009,0.0584
0.1567,0.0010,0.0585
0.1568,0.0010,0.0585
0.1570,0.0010,0.0586
0.1572,0.0011,0.0587
0.1573,0.0011,0.0587
0.1575,0.0011,0.0588
0.1577,0.0012,0.0589
0.1578,0.0012,0.0589
0.1580,0.0012,0.0590
0.1581,0.0012,0.0590
0.1583,0.0012,0.0591
0.1584,0.0013,0.0592
0.1586,0.0013,0.0592
0.1587,0.0013,0.0593
0.1589,0.0013,0.0593
0.1590,0.0013,0.0594
0.1591,0.0014,0.0594
0.1593,0.0014,0.0595
0.1594,0.0014,0.0596
0.1595,0.0014,0.0596
0.1597,0.0014,0.0597
0.1598,0.0014,0.0597
0.1599,0.0014,0.0598
0.1601,0.0014,0.0598
0.1602,0.0015,0.0599
0.1603,0.0015,0.0599
0.1604,0.0015,0.0600
0.1606,0.0015,0.0600
0.1607,0.0015,0.0601
0.1608,0.0015,0.0601
0.1609,0.0015,0.0602
0.1611,0.0016,0.0602
0.1612,0.0016,0.0603
0.1613,0.0016,0.0603
0.1614,0.0016,0.0604
0.1616,0.0016,0.0605
0.1617,0.0016,0.0605
0.1618,0.0016,0.0606
0.1619,0.0016,0.0606
0.1620,0.0017,0.0607
0.1622,0.0017,0.0607
0.1623,0.0017,0.0608
0.1624,0.0017,0.0608
0.1625,0.0017,0.0609
0.1626,0.0017,0.0609
0.1628,0.0017,0.0610
0.1629,0.0017,0.0610
0.1630,0.0018,0.0611
0.1631,0.0018,0.0611
0.1633,0.0018,0.0612
0.1634,0.0018,0.0612
0.1635,0.0018,0.0613
0.1636,0.0018,0.0613
0.1637,0.0018,0.0614
0.1639,0.0018,0.0614
0.1640,0.0019,0.0615
0.1641,0.0019,0.0615
0.1642,0.0019,0.0616
0.1644,0.0019,0.0616
0.1645,0.0019,0.0617
0.1646,0.0019,0.0617
0.1647,0.0019,0.0617
0.1648,0.0019,0.0618
0.1650,0.0020,0.0618
0.1651,0.0020,0.0619
0.1652,0.0020,0.0619
0.1653,0.0020,0.0620
0.1655,0.0020,0.0620
0.1656,0.0020,0.0621
0.1657,0.0020,0.0621
0.1658,0.0020,0.0622
0.1660,0.0021,0.0622
0.1661,0.0021,0.0622
0.1662,0.0021,0.0623
0.1664,0.0022,0.0623
0.1665,0.0022,0.0624
0.1666,0.0022,0.0624
0.1667,0.0022,0.0625
0.1669,0.0022,0.0625
0.1670,0.0022,0.0626
0.1671,0.0022,0.0626
0.1672,0.0022,0.0626
0.1674,0.0023,0.0627
0.1675,0.0023,0.0627
0.1676,0.0023,0.0628
0.1678,0.0023,0.0628
0.1679,0.0023,0.0629
0.1680,0.0023,0.0629
0.1681,0.0023,0.0629
0.1683,0.0023,0.0630
0.1684,0.0024,0.0630
0.1685,0.0024,0.0631
0.1687,0.0024,0.0631
0.1688,0.0024,0.0631
0.1689,0.0024,0.0632
0.1690,0.0024,0.0632
0.1692,0.0024,0.0633
0.1693,0.0024,0.0633
0.1694,0.0025,0.0633
0.1696,0.0025,0.0634
0.1697,0.0025,0.0634
0.1698,0.0025,0.0635
0.1700,0.0025,0.0635
0.1701,0.0025,0.0635
0.1702,0.0025,0.0636
0.1704,0.0025,0.0636
0.1705,0.0026,0.0637
0.1706,0.0026,0.0637
0.1708,0.0026,0.0637
0.1709,0.0026,0.0638
0.1711,0.0026,0.0638
0.1712,0.0026,0.0638
0.1713,0.0026,0.0639
0.1715,0.0026,0.0639
0.1716,0.0027,0.0640
0.1717,0.0027,0.0640
0.1719,0.0027,0.0640
0.1720,0.0027,0.0641
0.1721,0.0028,0.0641
0.1723,0.0028,0.0641
0.1724,0.0027,0.0642
0.1725,0.0027,0.0642
0.1727,0.0028,0.0642
0.1728,0.0028,0.0643
0.1730,0.0028,0.0643
0.1731,0.0029,0.0643
0.1732,0.0029,0.0644
0.1734,0.0029,0.0644
0.1735,0.0029,0.0644
0.1737,0.0029,0.0645
0.1738,0.0029,0.0645
0.1739,0.0029,0.0645
0.1741,0.0029,0.0646
0.1742,0.0029,0.0646
0.1744,0.0030,0.0646
0.1745,0.0030,0.0647
0.1746,0.0030,0.0647
0.1748,0.0030,0.0647
0.1749,0.0030,0.0648
0.1751,0.0030,0.0648
0.1752,0.0030,0.0648
0.1754,0.0030,0.0648
0.1755,0.0031,0.0649
0.1756,0.0031,0.0649
0.1758,0.0031,0.0649
0.1759,0.0031,0.0650
0.1761,0.0031,0.0650
0.1762,0.0031,0.0650
0.1764,0.0031,0.0651
0.1765,0.0031,0.0651
0.1767,0.0032,0.0651
0.1768,0.0032,0.0651
0.1770,0.0032,0.0652
0.1771,0.0032,0.0652
0.1772,0.0032,0.0652
0.1774,0.0032,0.0652
0.1775,0.0032,0.0653
0.1777,0.0032,0.0653
0.1778,0.0033,0.0653
0.1780,0.0033,0.0653
0.1781,0.0033,0.0654
0.1783,0.0034,0.0654
0.1784,0.0034,0.0654
0.1786,0.0034,0.0654
0.1787,0.0033,0.0655
0.1789,0.0034,0.0655
0.1790,0.0034,0.0655
0.1792,0.0034,0.0655
0.1793,0.0034,0.0656
0.1795,0.0035,0.0656
0.1796,0.0035,0.0656
0.1798,0.0035,0.0656
0.1799,0.0035,0.0656
0.1801,0.0035,0.0657
0.1802,0.0035,0.0657
0.1804,0.0035,0.0657
0.1805,0.0035,0.0657
0.1807,0.0036,0.0657
0.1808,0.0036,0.0658
0.1810,0.0036,0.0658
0.1811,0.0036,0.0658
0.1813,0.0036,0.0658
0.1815,0.0036,0.0658
0.1816,0.0036,0.0659
0.1818,0.0036,0.0659
0.1819,0.0037,0.0659
0.1821,0.0037,0.0659
0.1822,0.0037,0.0659
0.1824,0.0037,0.0659
0.1825,0.0037,0.0660
0.1827,0.0037,0.0660
0.1829,0.0037,0.0660
0.1830,0.0037,0.0660
0.1832,0.0038,0.0660
0.1833,0.0038,0.0660
0.1835,0.0038,0.0661
0.1836,0.0038,0.0661
0.1838,0.0039,0.0661
0.1840,0.0038,0.0661
0.1841,0.0038,0.0661
0.1843,0.0038,0.0661
0.1844,0.0039,0.0661
0.1846,0.0039,0.0662
0.1848,0.0039,0.0662
0.1849,0.0040,0.0662
0.1851,0.0040,0.0662
0.1852,0.0040,0.0662
0.1854,0.0040,0.0662
0.1856,0.0040,0.0662
0.1857,0.0040,0.0662
0.1859,0.0040,0.0662
0.1860,0.0040,0.0662
0.1862,0.0041,0.0663
0.1864,0.0041,0.0663
0.1865,0.0041,0.0663
0.1867,0.0041,0.0663
0.1869,0.0041,0.0663
0.1870,0.0041,0.0663
0.1872,0.0041,0.0663
0.1873,0.0041,0.0663
0.1875,0.0042,0.0663
0.1877,0.0042,0.0663
0.1878,0.0042,0.0663
0.1880,0.0042,0.0663
0.1882,0.0042,0.0663
0.1883,0.0042,0.0663
0.1885,0.0042,0.0663
0.1887,0.0042,0.0664
0.1888,0.0042,0.0664
0.1890,0.0043,0.0664
0.1892,0.0043,0.0664
0.1893,0.0043,0.0664
0.1895,0.0043,0.0664
0.1897,0.0043,0.0664
0.1898,0.0043,0.0664
0.1900,0.0043,0.0664
0.1902,0.0043,0.0664
0.1903,0.0044,0.0664
0.1905,0.0044,0.0664
0.1907,0.0044,0.0664
0.1909,0.0045,0.0664
0.1910,0.0045,0.0664
0.1912,0.0045,0.0664
0.1914,0.0045,0.0664
0.1915,0.0045,0.0664
0.1917,0.0045,0.0664
0.1919,0.0045,0.0664
0.1920,0.0045,0.0663
0.1922,0.0046,0.0663
0.1924,0.0046,0.0663
0.1926,0.0046,0.0663
0.1927,0.0046,0.0663
0.1929,0.0046,0.0663
0.1931,0.0046,0.0663
0.1933,0.0046,0.0663
0.1934,0.0046,0.0663
0.1936,0.0047,0.0663
0.1938,0.0047,0.0663
0.1940,0.0047,0.0663
0.1941,0.0047,0.0663
0.1943,0.0047,0.0663
0.1945,0.0047,0.0663
0.1947,0.0047,0.0663
0.1948,0.0047,0.0662
0.1950,0.0048,0.0662
0.1952,0.0048,0.0662
0.1954,0.0048,0.0662
0.1955,0.0048,0.0662
0.1957,0.0048,0.0662
0.1959,0.0048,0.0662
0.1961,0.0048,0.0662
0.1962,0.0048,0.0662
0.1964,0.0049,0.0661
0.1966,0.0049,0.0661
0.1968,0.0049,0.0661
0.1970,0.0049,0.0661
0.1971,0.0050,0.0661
0.1973,0.0049,0.0661
0.1975,0.0049,0.0660
0.1977,0.0049,0.0660
0.1978,0.0049,0.0660
0.1980,0.0050,0.0660
0.1982,0.0050,0.0660
0.1984,0.0050,0.0660
0.1986,0.0051,0.0659
0.1988,0.0051,0.0659
0.1989,0.0051,0.0659
0.1991,0.0051,0.0659
0.1993,0.0051,0.0659
0.1995,0.0051,0.0658
0.1997,0.0051,0.0658
0.1998,0.0051,0.0658
0.2000,0.0052,0.0658
0.2002,0.0052,0.0658
0.2004,0.0052,0.0657
0.2006,0.0052,0.0657
0.2007,0.0052,0.0657
0.2009,0.0052,0.0657
0.2011,0.0052,0.0656
0.2013,0.0052,0.0656
0.2015,0.0053,0.0656
0.2017,0.0053,0.0656
0.2019,0.0053,0.0655
0.2020,0.0053,0.0655
0.2022,0.0053,0.0655
0.2024,0.0053,0.0655
0.2026,0.0053,0.0654
0.2028,0.0053,0.0654
0.2030,0.0053,0.0654
0.2032,0.0054,0.0653
0.2033,0.0054,0.0653
0.2035,0.0054,0.0653
0.2037,0.0054,0.0653
0.2039,0.0054,0.0652
0.2041,0.0054,0.0652
0.2043,0.0054,0.0652
0.2045,0.0054,0.0651
0.2047,0.0055,0.0651
0.2048,0.0055,0.0651
0.2050,0.0055,0.0650
0.2052,0.0055,0.0650
0.2054,0.0055,0.0650
0.2056,0.0055,0.0649
0.2058,0.0055,0.0649
0.2060,0.0055,0.0649
0.2062,0.0056,0.0648
0.2064,0.0056,0.0648
0.2066,0.0056,0.0648
0.2067,0.0056,0.0647
0.2069,0.0057,0.0647
0.2071,0.0057,0.0647
0.2073,0.0056,0.0646
0.2075,0.0056,0.0646
0.2077,0.0056,0.0645
0.2079,0.0057,0.0645
0.2081,0.0057,0.0645
0.2083,0.0057,0.0644
0.2085,0.0058,0.0644
0.2087,0.0058,0.0643
0.2089,0.0058,0.0643
0.2091,0.0057,0.0643
0.2093,0.0057,0.0642
0.2094,0.0057,0.0642
0.2096,0.0058,0.0642
0.2098,0.0058,0.0641
0.2100,0.0058,0.0641
0.2102,0.0059,0.0640
0.2104,0.0059,0.0640
0.2106,0.0059,0.0639
0.2108,0.0058,0.0639
0.2110,0.0058,0.0639
0.2112,0.0058,0.0638
0.2114,0.0059,0.0638
0.2116,0.0059,0.0637
0.2118,0.0059,0.0637
0.2120,0.0060,0.0636
0.2122,0.0060,0.0636
0.2124,0.0060,0.0636
0.2126,0.0059,0.0635
0.2128,0.0059,0.0635
0.2130,0.0059,0.0634
0.2132,0.0060,0.0634
0.2134,0.0060,0.0633
0.2136,0.0060,0.0633
0.2138,0.0060,0.0632
0.2140,0.0060,0.0632
0.2142,0.0060,0.0631
0.2144,0.0060,0.0631
0.2146,0.0060,0.0630
0.2148,0.0060,0.0630
0.2150,0.0060,0.0629
0.2152,0.0061,0.0629
0.2154,0.0061,0.0628
0.2156,0.0061,0.0628
0.2159,0.0061,0.0628
0.2161,0.0061,0.0627
0.2163,0.0061,0.0627
0.2165,0.0061,0.0626
0.2167,0.0061,0.0626
0.2169,0.0061,0.0625
0.2171,0.0061,0.0625
0.2173,0.0062,0.0624
0.2175,0.0062,0.0624
0.2177,0.0062,0.0623
0.2179,0.0062,0.0623
0.2181,0.0061,0.0622
0.2183,0.0061,0.0622
0.2186,0.0061,0.0621
0.2188,0.0062,0.0621
0.2190,0.0062,0.0620
0.2192,0.0062,0.0620
0.2194,0.0062,0.0619
0.2196,0.0062,0.0619
0.2198,0.0062,0.0618
0.2200,0.0062,0.0618
0.2203,0.0062,0.0617
0.2205,0.0062,0.0617
0.2207,0.0062,0.0616
0.2209,0.0062,0.0616
0.2211,0.0062,0.0615
0.2213,0.0062,0.0615
0.2215,0.0062,0.0614
0.2218,0.0062,0.0614
0.2220,0.0062,0.0613
0.2222,0.0062,0.0613
0.2224,0.0062,0.0612
0.2226,0.0062,0.0612
0.2228,0.0062,0.0612
0.2230,0.0062,0.0611
0.2233,0.0062,0.0611
0.2235,0.0062,0.0610
0.2237,0.0062,0.0610
0.2239,0.0062,0.0609
0.2241,0.0061,0.0609
0.2243,0.0061,0.0609
0.2246,0.0061,0.0608
0.2248,0.0061,0.0608
0.2250,0.0062,0.0607
0.2252,0.0062,0.0607
0.2254,0.0061,0.0607
0.2256,0.0061,0.0606
0.2259,0.0061,0.0606
0.2261,0.0061,0.0606
0.2263,0.0061,0.0605
0.2265,0.0061,0.0605
0.2267,0.0061,0.0605
0.2269,0.0061,0.0604
0.2272,0.0061,0.0604
0.2274,0.0060,0.0604
0.2276,0.0060,0.0603
0.2278,0.0060,0.0603
0.2280,0.0060,0.0603
0.2282,0.0059,0.0603
0.2285,0.0059,0.0602
0.2287,0.0059,0.0602
0.2289,0.0059,0.0602
0.2291,0.0059,0.0602
0.2293,0.0059,0.0601
0.2295,0.0059,0.0601
0.2297,0.0058,0.0601
0.2300,0.0058,0.0601
0.2302,0.0058,0.0601
0.2304,0.0058,0.0601
0.2306,0.0058,0.0600
0.2308,0.0058,0.0600
0.2310,0.0058,0.0600
0.2312,0.0057,0.0600
0.2314,0.0057,0.0600
0.2317,0.0057,0.0600
0.2319,0.0056,0.0600
0.2321,0.0056,0.0600
0.2323,0.0056,0.0600
0.2325,0.0056,0.0600
0.2327,0.0056,0.0600
0.2329,0.0055,0.0600
0.2331,0.0055,0.0600
0.2333,0.0055,0.0600
0.2336,0.0054,0.0600
0.2338,0.0054,0.0600
0.2340,0.0054,0.0600
0.2342,0.0053,0.0600
0.2344,0.0053,0.0600
0.2346,0.0053,0.0600
0.2348,0.0053,0.0600
0.2350,0.0052,0.0601
0.2352,0.0052,0.0601
0.2354,0.0051,0.0601
0.2357,0.0051,0.0601
0.2359,0.0051,0.0601
0.2361,0.0050,0.0602
0.2363,0.0050,0.0602
0.2365,0.0050,0.0602
0.2367,0.0049,0.0602
0.2369,0.0049,0.0603
0.2371,0.0048,0.0603
0.2373,0.0048,0.0603
0.2376,0.0047,0.0604
0.2378,0.0047,0.0604
0.2380,0.0046,0.0605
0.2382,0.0046,0.0605
0.2384,0.0046,0.0605
0.2386,0.0045,0.0606
0.2388,0.0045,0.0606
0.2390,0.0044,0.0607
0.2393,0.0043,0.0607
0.2395,0.0043,0.0608
0.2397,0.0042,0.0608
0.2399,0.0042,0.0609
0.2401,0.0041,0.0609
0.2403,0.0041,0.0610
0.2405,0.0040,0.0610
0.2408,0.0040,0.0611
0.2410,0.0039,0.0611
0.2412,0.0038,0.0612
0.2414,0.0038,0.0612
0.2416,0.0037,0.0613
0.2418,0.0036,0.0614
0.2421,0.0036,0.0614
0.2423,0.0035,0.0615
0.2425,0.0034,0.0616
0.2427,0.0034,0.0616
0.2429,0.0033,0.0617
0.2431,0.0032,0.0617
0.2433,0.0031,0.0618
0.2435,0.0031,0.0619
0.2437,0.0030,0.0619
0.2439,0.0030,0.0620
0.2441,0.0029,0.0620
0.2443,0.0028,0.0620
0.2445,0.0028,0.0621
0.2447,0.0027,0.0621
0.2449,0.0026,0.0622
0.2450,0.0026,0.0622
0.2452,0.0025,0.0622
0.2454,0.0025,0.0622
0.2455,0.0024,0.0623
0.2457,0.0024,0.0623
0.2459,0.0023,0.0623
0.2460,0.0022,0.0623
0.2462,0.0022,0.0624
0.2463,0.0021,0.0624
0.2465,0.0021,0.0624
0.2466,0.0021,0.0624
0.2468,0.0021,0.0624
0.2469,0.0020,0.0624
0.2471,0.0020,0.0625
0.2472,0.0019,0.0625
0.2474,0.0018,0.0625
0.2475,0.0018,0.0625
0.2477,0.0018,0.0625
0.2478,0.0017,0.0626
0.2479,0.0017,0.0626
0.2481,0.0017,0.0626
0.2482,0.0017,0.0626
0.2483,0.0016,0.0626
0.2485,0.0016,0.0627
0.2486,0.0015,0.0627
0.2488,0.0015,0.0627
0.2489,0.0015,0.0627
0.2490,0.0015,0.0627
0.2492,0.0015,0.0628
0.2493,0.0015,0.0628
0.2494,0.0014,0.0628
0.2496,0.0014,0.0628
0.2497,0.0013,0.0629
0.2499,0.0013,0.0629
0.2501,0.0013,0.0629
0.2502,0.0012,0.0630
0.2504,0.0012,0.0630
0.2505,0.0012,0.0630
0.2507,0.0012,0.0631
0.2508,0.0012,0.0631
0.2510,0.0011,0.0631
0.2511,0.0011,0.0632
0.2513,0.0011,0.0632
0.2514,0.0011,0.0633
0.2516,0.0010,0.0633
0.2517,0.0010,0.0633
0.2519,0.0010,0.0634
0.2520,0.0010,0.0634
0.2522,0.0010,0.0635
0.2524,0.0010,0.0635
0.2525,0.0009,0.0636
0.2527,0.0009,0.0636
0.2528,0.0009,0.0637
0.2530,0.0009,0.0637
0.2531,0.0009,0.0638
0.2533,0.0009,0.0638
0.2534,0.0008,0.0638
0.2536,0.0008,0.0639
0.2537,0.0008,0.0639
0.2539,0.0008,0.0640
0.2540,0.0008,0.0640
0.2542,0.0007,0.0641
0.2543,0.0007,0.0641
0.2545,0.0007,0.0642
0.2546,0.0007,0.0642
0.2548,0.0007,0.0642
0.2549,0.0007,0.0643
0.2551,0.0007,0.0643
0.2552,0.0006,0.0644
0.2554,0.0006,0.0644
0.2555,0.0006,0.0645
0.2557,0.0006,0.0645
0.2558,0.0006,0.0645
0.2560,0.0006,0.0646
0.2561,0.0006,0.0646
0.2563,0.0006,0.0647
0.2564,0.0005,0.0647
0.2566,0.0005,0.0647
0.2567,0.0005,0.0648
0.2569,0.0005,0.0648
0.2570,0.0005,0.0649
0.2572,0.0005,0.0649
0.2573,0.0005,0.0649
0.2574,0.0005,0.0650
0.2576,0.0005,0.0650
0.2577,0.0004,0.0650
0.2579,0.0004,0.0651
0.2580,0.0004,0.0651
0.2582,0.0004,0.0652
0.2583,0.0004,0.0652
0.2584,0.0004,0.0652
0.2586,0.0004,0.0653
0.2587,0.0004,0.0653
0.2589,0.0003,0.0653
0.2590,0.0003,0.0654
0.2592,0.0003,0.0654
0.2593,0.0003,0.0655
0.2594,0.0003,0.0655
0.2596,0.0003,0.0655
0.2597,0.0003,0.0656
0.2599,0.0003,0.0656
0.2600,0.0003,0.0656
0.2602,0.0002,0.0657
0.2603,0.0002,0.0657
0.2604,0.0002,0.0657
0.2606,0.0002,0.0658
0.2607,0.0002,0.0658
0.2609,0.0002,0.0658
0.2610,0.0002,0.0659
0.2611,0.0002,0.0659
0.2613,0.0002,0.0659
0.2614,0.0001,0.0660
0.2616,0.0001,0.0660
0.2617,0.0001,0.0660
0.2618,0.0001,0.0661
0.2620,0.0001,0.0661
0.2621,0.0001,0.0661
0.2623,0.0001,0.0662
0.2624,0.0001,0.0662
0.2626,0.0000,0.0662
0.2627,0.0000,0.0662
0.2628,0.0000,0.0663
0.2630,0.0000,0.0663
0.2631,0.0000,0.0663
0.2633,0.0000,0.0664
0.2634,0.0000,0.0664
0.2635,-0.0000,0.0664
0.2637,-0.0000,0.0665
0.2638,-0.0001,0.0665
0.2640,-0.0001,0.0665
0.2641,-0.0001,0.0665
0.2643,-0.0001,0.0666
0.2644,-0.0001,0.0666
0.2645,-0.0001,0.0666
0.2647,-0.0001,0.0667
0.2648,-0.0001,0.0667
0.2650,-0.0002,0.0667
0.2651,-0.0002,0.0667
0.2653,-0.0002,0.0668
0.2654,-0.0002,0.0668
0.2655,-0.0002,0.0668
0.2657,-0.0002,0.0669
0.2658,-0.0002,0.0669
0.2660,-0.0002,0.0669
0.2661,-0.0002,0.0669
0.2663,-0.0003,0.0670
0.2664,-0.0003,0.0670
0.2666,-0.0003,0.0670
0.2667,-0.0003,0.0670
0.2668,-0.0003,0.0671
0.2670,-0.0003,0.0671
0.2671,-0.0003,0.0671
0.2673,-0.0003,0.0671
0.2674,-0.0003,0.0672
0.2676,-0.0004,0.0672
0.2677,-0.0004,0.0672
0.2679,-0.0004,0.0672
0.2680,-0.0004,0.0673
0.2682,-0.0004,0.0673
0.2683,-0.0004,0.0673
0.2685,-0.0004,0.0673
0.2686,-0.0004,0.0674
0.2688,-0.0005,0.0674
0.2689,-0.0005,0.0674
0.2691,-0.0005,0.0674
0.2692,-0.0005,0.0674
0.2694,-0.0005,0.0675
0.2695,-0.0005,0.0675
0.2697,-0.0005,0.0675
0.2698,-0.0005,0.0675
0.2700,-0.0005,0.0675
0.2701,-0.0006,0.0676
0.2703,-0.0006,0.0676
0.2704,-0.0006,0.0676
0.2706,-0.0006,0.0676
0.2707,-0.0006,0.0676
0.2709,-0.0006,0.0677
0.2710,-0.0006,0.0677
0.2712,-0.0006,0.0677
0.2713,-0.0006,0.0677
0.2715,-0.0007,0.0677
0.2716,-0.0007,0.0677
0.2718,-0.0007,0.0678
0.2719,-0.0007,0.0678
0.2721,-0.0007,0.0678
0.2722,-0.0007,0.0678
0.2724,-0.0007,0.0678
0.2726,-0.0007,0.0678
0.2727,-0.0007,0.0679
0.2729,-0.0008,0.0679
0.2730,-0.0008,0.0679
0.2732,-0.0008,0.0679
0.2733,-0.0007,0.0679
0.2735,-0.0007,0.0679
0.2737,-0.0008,0.0680
0.2738,-0.0008,0.0680
0.2740,-0.0008,0.0680
0.2741,-0.0008,0.0680
0.2743,-0.0009,0.0680
0.2744,-0.0009,0.0680
0.2746,-0.0009,0.0680
0.2748,-0.0008,0.0680
0.2749,-0.0008,0.0681
0.2751,-0.0008,0.0681
0.2752,-0.0009,0.0681
0.2754,-0.0009,0.0681
0.2756,-0.0009,0.0681
0.2757,-0.0010,0.0681
0.2759,-0.0010,0.0681
0.2760,-0.0009,0.0681
0.2762,-0.0009,0.0681
0.2764,-0.0009,0.0681
0.2765,-0.0009,0.0681
0.2767,-0.0010,0.0682
0.2768,-0.0010,0.0682
0.2770,-0.0010,0.0682
0.2772,-0.0010,0.0682
0.2773,-0.0010,0.0682
0.2775,-0.0010,0.0682
0.2777,-0.0010,0.0682
0.2778,-0.0010,0.0682
0.2780,-0.0010,0.0682
0.2781,-0.0011,0.0682
0.2783,-0.0011,0.0682
0.2785,-0.0011,0.0682
0.2786,-0.0011,0.0682
0.2788,-0.0011,0.0682
0.2790,-0.0011,0.0682
0.2791,-0.0011,0.0682
0.2793,-0.0011,0.0682
0.2795,-0.0011,0.0682
0.2796,-0.0012,0.0682
0.2798,-0.0012,0.0682
0.2800,-0.0012,0.0682
0.2801,-0.0012,0.0682
0.2803,-0.0012,0.0682
0.2805,-0.0012,0.0682
0.2806,-0.0012,0.0682
0.2808,-0.0012,0.0682
0.2810,-0.0012,0.0682
0.2811,-0.0013,0.0682
0.2813,-0.0013,0.0682
0.2815,-0.0013,0.0682
0.2817,-0.0013,0.0682
0.2818,-0.0013,0.0682
0.2820,-0.0013,0.0682
0.2822,-0.0013,0.0682
0.2823,-0.0013,0.0682
0.2825,-0.0013,0.0682
0.2827,-0.0014,0.0682
0.2829,-0.0014,0.0682
0.2830,-0.0014,0.0682
0.2832,-0.0014,0.0682
0.2834,-0.0014,0.0682
0.2835,-0.0014,0.0682
0.2837,-0.0014,0.0682
0.2839,-0.0014,0.0682
0.2841,-0.0014,0.0682
0.2842,-0.0015,0.0681
0.2844,-0.0015,0.0681
0.2846,-0.0015,0.0681
0.2848,-0.0015,0.0681
0.2849,-0.0015,0.0681
0.2851,-0.0015,0.0681
0.2853,-0.0015,0.0681
0.2854,-0.0015,0.0681
0.2856,-0.0015,0.0681
0.2858,-0.0015,0.0680
0.2860,-0.0016,0.0680
0.2862,-0.0016,0.0680
0.2863,-0.0016,0.0680
0.2865,-0.0016,0.0680
0.2867,-0.0016,0.0680
0.2869,-0.0016,0.0680
0.2870,-0.0016,0.0680
0.2872,-0.0016,0.0679
0.2874,-0.0016,0.0679
0.2876,-0.0017,0.0679
0.2877,-0.0017,0.0679
0.2879,-0.0017,0.0679
0.2881,-0.0016,0.0679
0.2883,-0.0016,0.0678
0.2885,-0.0016,0.0678
0.2886,-0.0017,0.0678
0.2888,-0.0017,0.0678
0.2890,-0.0017,0.0678
0.2892,-0.0018,0.0677
0.2894,-0.0018,0.0677
0.2895,-0.0017,0.0677
0.2897,-0.0017,0.0677
0.2899,-0.0017,0.0677
0.2901,-0.0017,0.0676
0.2903,-0.0018,0.0676
0.2904,-0.0018,0.0676
0.2906,-0.0018,0.0676
0.2908,-0.0018,0.0675
0.2910,-0.0018,0.0675
0.2912,-0.0018,0.0675
0.2914,-0.0018,0.0675
0.2915,-0.0018,0.0675
0.2917,-0.0018,0.0674
0.2919,-0.0019,0.0674
0.2921,-0.0019,0.0674
0.2923,-0.0019,0.0673
0.2925,-0.0019,0.0673
0.2926,-0.0019,0.0673
0.2928,-0.0019,0.0673
0.2930,-0.0019,0.0672
0.2932,-0.0019,0.0672
0.2934,-0.0019,0.0672
0.2936,-0.0019,0.0671
0.2938,-0.0020,0.0671
0.2939,-0.0020,0.0671
0.2941,-0.0020,0.0670
0.2943,-0.0020,0.0670
0.2945,-0.0020,0.0670
0.2947,-0.0020,0.0670
0.2949,-0.0020,0.0669
0.2951,-0.0020,0.0669
0.2952,-0.0020,0.0669
0.2954,-0.0021,0.0668
0.2956,-0.0021,0.0668
0.2958,-0.0021,0.0667
0.2960,-0.0021,0.0667
0.2962,-0.0021,0.0667
0.2964,-0.0021,0.0666
0.2966,-0.0021,0.0666
0.2968,-0.0021,0.0666
0.2969,-0.0021,0.0665
0.2971,-0.0021,0.0665
0.2973,-0.0022,0.0664
0.2975,-0.0022,0.0664
0.2977,-0.0022,0.0664
0.2979,-0.0021,0.0663
0.2981,-0.0021,0.0663
0.2983,-0.0021,0.0663
0.2985,-0.0022,0.0662
0.2987,-0.0022,0.0662
0.2988,-0.0022,0.0661
0.2990,-0.0022,0.0661
0.2992,-0.0022,0.0660
0.2994,-0.0022,0.0660
0.2996,-0.0022,0.0660
0.2998,-0.0022,0.0659
0.3000,-0.0022,0.0659
0.3002,-0.0022,0.0658
0.3004,-0.0023,0.0658
0.3006,-0.0023,0.0657
0.3008,-0.0023,0.0657
0.3010,-0.0023,0.0656
0.3012,-0.0023,0.0656
0.3013,-0.0023,0.0655
0.3015,-0.0023,0.0655
0.3017,-0.0023,0.0654
0.3019,-0.0023,0.0654
0.3021,-0.0024,0.0653
0.3023,-0.0024,0.0653
0.3025,-0.0024,0.0652
0.3027,-0.0024,0.0652
0.3029,-0.0024,0.0651
0.3031,-0.0024,0.0651
0.3033,-0.0024,0.0650
0.3035,-0.0024,0.0650
0.3037,-0.0024,0.0649
0.3039,-0.0024,0.0649
0.3041,-0.0025,0.0648
0.3043,-0.0025,0.0647
0.3045,-0.0025,0.0647
0.3047,-0.0025,0.0646
0.3049,-0.0024,0.0646
0.3051,-0.0024,0.0645
0.3053,-0.0025,0.0645
0.3055,-0.0025,0.0644
0.3057,-0.0025,0.0643
0.3059,-0.0025,0.0643
0.3061,-0.0025,0.0642
0.3062,-0.0025,0.0642
0.3064,-0.0025,0.0641
0.3066,-0.0025,0.0640
0.3068,-0.0025,0.0640
0.3070,-0.0025,0.0639
0.3072,-0.0025,0.0639
0.3074,-0.0026,0.0638
0.3076,-0.0026,0.0637
0.3078,-0.0026,0.0637
0.3080,-0.0026,0.0636
0.3082,-0.0026,0.0635
0.3084,-0.0026,0.0635
0.3086,-0.0026,0.0634
0.3088,-0.0026,0.0633
0.3090,-0.0026,0.0633
0.3092,-0.0026,0.0632
0.3094,-0.0027,0.0631
0.3096,-0.0027,0.0631
0.3098,-0.0027,0.0630
0.3100,-0.0026,0.0629
0.3102,-0.0026,0.0629
0.3104,-0.0026,0.0628
0.3106,-0.0027,0.0627
0.3108,-0.0027,0.0626
0.3110,-0.0027,0.0626
0.3112,-0.0027,0.0625
0.3114,-0.0027,0.0624
0.3116,-0.0027,0.0624
0.3118,-0.0027,0.0623
0.3120,-0.0027,0.0622
0.3122,-0.0027,0.0621
0.3124,-0.0027,0.0621
0.3126,-0.0027,0.0620
0.3129,-0.0028,0.0619
0.3131,-0.0028,0.0618
0.3133,-0.0028,0.0618
0.3135,-0.0028,0.0617
0.3137,-0.0028,0.0616
0.3139,-0.0027,0.0615
0.3141,-0.0028,0.0615
0.3143,-0.0028,0.0614
0.3145,-0.0028,0.0613
0.3147,-0.0028,0.0612
0.3149,-0.0028,0.0611
0.3151,-0.0028,0.0610
0.3153,-0.0028,0.0610
0.3155,-0.0028,0.0609
0.3157,-0.0028,0.0608
0.3159,-0.0028,0.0607
0.3161,-0.0028,0.0606
0.3163,-0.0029,0.0606
0.3165,-0.0029,0.0605
0.3167,-0.0029,0.0604
0.3169,-0.0029,0.0603
0.3171,-0.0029,0.0602
0.3173,-0.0028,0.0601
0.3175,-0.0028,0.0601
0.3177,-0.0028,0.0600
0.3179,-0.0029,0.0599
0.3182,-0.0029,0.0598
0.3184,-0.0029,0.0597
0.3186,-0.0029,0.0596
0.3188,-0.0029,0.0595
0.3190,-0.0029,0.0594
0.3192,-0.0029,0.0594
0.3194,-0.0029,0.0593
0.3196,-0.0029,0.0592
0.3198,-0.0029,0.0591
0.3200,-0.0029,0.0590
0.3202,-0.0029,0.0589
0.3204,-0.0029,0.0588
0.3206,-0.0029,0.0587
0.3209,-0.0029,0.0586
0.3211,-0.0029,0.0585
0.3213,-0.0029,0.0584
0.3215,-0.0029,0.0584
0.3217,-0.0029,0.0583
0.3219,-0.0029,0.0582
0.3221,-0.0029,0.0581
0.3223,-0.0029,0.0580
0.3225,-0.0029,0.0579
0.3227,-0.0029,0.0578
0.3230,-0.0029,0.0577
0.3232,-0.0029,0.0576
0.3234,-0.0029,0.0575
0.3236,-0.0029,0.0574
0.3238,-0.0029,0.0573
0.3240,-0.0029,0.0572
0.3242,-0.0029,0.0571
0.3244,-0.0029,0.0570
0.3247,-0.0029,0.0569
0.3249,-0.0029,0.0568
0.3251,-0.0029,0.0568
0.3253,-0.0029,0.0567
0.3255,-0.0029,0.0566
0.3257,-0.0029,0.0565
0.3259,-0.0029,0.0564
0.3261,-0.0029,0.0563
0.3264,-0.0029,0.0562
0.3266,-0.0028,0.0561
0.3268,-0.0028,0.0560
0.3270,-0.0028,0.0559
0.3272,-0.0028,0.0558
0.3274,-0.0028,0.0557
0.3276,-0.0029,0.0556
0.3279,-0.0028,0.0555
0.3281,-0.0028,0.0555
0.3283,-0.0028,0.0554
0.3285,-0.0028,0.0553
0.3287,-0.0028,0.0552
0.3289,-0.0027,0.0551
0.3291,-0.0028,0.0550
0.3293,-0.0028,0.0549
0.3296,-0.0028,0.0548
0.3298,-0.0028,0.0548
0.3300,-0.0027,0.0547
0.3302,-0.0027,0.0546
0.3304,-0.0027,0.0545
0.3306,-0.0026,0.0544
0.3308,-0.0026,0.0544
0.3310,-0.0026,0.0543
0.3312,-0.0026,0.0542
0.3315,-0.0026,0.0541
0.3317,-0.0026,0.0541
0.3319,-0.0026,0.0540
0.3321,-0.0026,0.0539
0.3323,-0.0025,0.0539
0.3325,-0.0025,0.0538
0.3327,-0.0025,0.0537
0.3329,-0.0025,0.0537
0.3331,-0.0025,0.0536
0.3333,-0.0025,0.0536
0.3335,-0.0024,0.0535
0.3337,-0.0024,0.0534
0.3339,-0.0024,0.0534
0.3341,-0.0023,0.0533
0.3343,-0.0023,0.0533
0.3345,-0.0023,0.0532
0.3347,-0.0023,0.0532
0.3349,-0.0023,0.0531
0.3351,-0.0022,0.0531
0.3353,-0.0022,0.0531
0.3355,-0.0022,0.0530
0.3357,-0.0021,0.0530
0.3359,-0.0021,0.0529
0.3361,-0.0021,0.0529
0.3363,-0.0020,0.0529
0.3365,-0.0020,0.0528
0.3367,-0.0020,0.0528
0.3369,-0.0020,0.0528
0.3371,-0.0020,0.0528
0.3373,-0.0019,0.0528
0.3375,-0.0019,0.0527
0.3376,-0.0018,0.0527
0.3378,-0.0018,0.0527
0.3380,-0.0017,0.0527
0.3382,-0.0017,0.0527
0.3384,-0.0017,0.0527
0.3386,-0.0017,0.0527
0.3388,-0.0016,0.0527
0.3390,-0.0016,0.0527
0.3392,-0.0015,0.0527
0.3393,-0.0015,0.0527
0.3395,-0.0014,0.0527
0.3397,-0.0014,0.0527
0.3399,-0.0013,0.0527
0.3401,-0.0013,0.0527
0.3403,-0.0012,0.0527
0.3405,-0.0012,0.0527
0.3407,-0.0011,0.0527
0.3408,-0.0011,0.0528
0.3410,-0.0010,0.0528
0.3413,-0.0009,0.0528
0.3415,-0.0009,0.0529
0.3417,-0.0008,0.0529
0.3419,-0.0008,0.0529
0.3422,-0.0007,0.0530
0.3424,-0.0007,0.0530
0.3427,-0.0007,0.0531
0.3429,-0.0006,0.0531
0.3432,-0.0006,0.0532
0.3435,-0.0005,0.0532
0.3437,-0.0005,0.0533
0.3440,-0.0004,0.0533
0.3443,-0.0003,0.0534
0.3446,-0.0003,0.0535
0.3449,-0.0002,0.0536
0.3451,-0.0002,0.0536
0.3454,-0.0001,0.0537
0.3457,-0.0001,0.0538
0.3460,-0.0000,0.0539
0.3463,0.0001,0.0540
0.3466,0.0001,0.0541
0.3469,0.0002,0.0541
0.3472,0.0002,0.0542
0.3475,0.0003,0.0543
0.3478,0.0004,0.0544
0.3481,0.0004,0.0545
0.3483,0.0005,0.0546
0.3486,0.0006,0.0548
0.3489,0.0006,0.0549
0.3493,0.0007,0.0550
0.3496,0.0008,0.0551
0.3499,0.0008,0.0552
0.3502,0.0009,0.0553
0.3505,0.0010,0.0554
0.3508,0.0011,0.0556
0.3511,0.0011,0.0557
0.3514,0.0012,0.0558
0.3517,0.0013,0.0560
0.3520,0.0013,0.0561
0.3523,0.0014,0.0562
0.3526,0.0015,0.0564
0.3529,0.0016,0.0565
0.3532,0.0016,0.0566
0.3535,0.0017,0.0568
0.3538,0.0018,0.0569
0.3541,0.0019,0.0570
0.3543,0.0020,0.0572
0.3546,0.0020,0.0573
0.3548,0.0021,0.0574
0.3550,0.0022,0.0575
0.3553,0.0023,0.0576
0.3555,0.0024,0.0578
0.3557,0.0024,0.0579
0.3559,0.0025,0.0580
0.3561,0.0026,0.0581
0.3563,0.0026,0.0581
0.3566,0.0027,0.0582
0.3568,0.0027,0.0583
0.3569,0.0028,0.0584
0.3571,0.0028,0.0585
0.3573,0.0029,0.0585
0.3575,0.0029,0.0586
0.3577,0.0030,0.0587
0.3579,0.0030,0.0587
0.3580,0.0030,0.0588
0.3582,0.0031,0.0588
0.3584,0.0031,0.0589
0.3586,0.0031,0.0590
0.3587,0.0032,0.0590
0.3589,0.0032,0.0591
0.3590,0.0032,0.0591
0.3592,0.0033,0.0592
0.3593,0.0033,0.0592
0.3595,0.0033,0.0593
0.3596,0.0033,0.0593
0.3598,0.0033,0.0594
0.3599,0.0034,0.0595
0.3600,0.0034,0.0595
0.3602,0.0034,0.0596
0.3603,0.0034,0.0596
0.3605,0.0034,0.0597
0.3606,0.0034,0.0597
0.3607,0.0034,0.0598
0.3608,0.0035,0.0598
0.3610,0.0035,0.0599
0.3611,0.0035,0.0599
0.3612,0.0035,0.0600
0.3614,0.0035,0.0600
0.3615,0.0035,0.0601
0.3616,0.0035,0.0602
0.3617,0.0035,0.0602
0.3619,0.0036,0.0603
0.3620,0.0036,0.0603
0.3621,0.0036,0.0604
0.3622,0.0036,0.0604
0.3623,0.0036,0.0605
0.3625,0.0036,0.0605
0.3626,0.0036,0.0606
0.3627,0.0036,0.0606
0.3628,0.0037,0.0607
0.3629,0.0037,0.0607
0.3631,0.0037,0.0608
0.3632,0.0037,0.0608
0.3633,0.0037,0.0609
0.3634,0.0037,0.0609
0.3635,0.0037,0.0610
0.3637,0.0037,0.0610
0.3638,0.0038,0.0611
0.3639,0.0038,0.0611
0.3640,0.0038,0.0612
0.3641,0.0038,0.0612
0.3643,0.0039,0.0613
0.3644,0.0039,0.0613
0.3645,0.0039,0.0614
0.3646,0.0039,0.0614
0.3647,0.0039,0.0615
0.3649,0.0039,0.0615
0.3650,0.0039,0.0616
0.3651,0.0039,0.0616
0.3652,0.0040,0.0617
0.3654,0.0040,0.0617
0.3655,0.0040,0.0618
0.3656,0.0040,0.0618
0.3657,0.0040,0.0619
0.3658,0.0040,0.0619
0.3660,0.0040,0.0620
0.3661,0.0040,0.0620
0.3662,0.0041,0.0621
0.3663,0.0041,0.0621
0.3664,0.0041,0.0622
0.3666,0.0041,0.0622
0.3667,0.0041,0.0623
0.3668,0.0041,0.0623
0.3669,0.0041,0.0624
0.3671,0.0041,0.0624
0.3672,0.0042,0.0624
0.3673,0.0042,0.0625
0.3674,0.0042,0.0625
0.3676,0.0042,0.0626
0.3677,0.0042,0.0626
0.3678,0.0042,0.0627
0.3679,0.0042,0.0627
0.3680,0.0042,0.0628
0.3682,0.0043,0.0628
0.3683,0.0043,0.0629
0.3684,0.0043,0.0629
0.3686,0.0043,0.0629
0.3687,0.0043,0.0630
0.3688,0.0043,0.0630
0.3689,0.0043,0.0631
0.3691,0.0043,0.0631
0.3692,0.0044,0.0632
0.3693,0.0044,0.0632
0.3694,0.0044,0.0632
0.3696,0.0044,0.0633
0.3697,0.0044,0.0633
0.3698,0.0044,0.0634
0.3700,0.0044,0.0634
0.3701,0.0044,0.0635
0.3702,0.0045,0.0635
0.3703,0.0045,0.0636
0.3705,0.0045,0.0636
0.3706,0.0045,0.0636
0.3707,0.0046,0.0637
0.3709,0.0046,0.0637
0.3710,0.0046,0.0638
0.3711,0.0046,0.0638
0.3713,0.0046,0.0638
0.3714,0.0046,0.0639
0.3715,0.0046,0.0639
0.3716,0.0046,0.0640
0.3718,0.0047,0.0640
0.3719,0.0047,0.0640
0.3720,0.0047,0.0641
0.3722,0.0047,0.0641
0.3723,0.0047,0.0642
0.3724,0.0047,0.0642
0.3726,0.0047,0.0642
0.3727,0.0047,0.0643
0.3728,0.0048,0.0643
0.3730,0.0048,0.0643
0.3731,0.0048,0.0644
0.3732,0.0048,0.0644
0.3734,0.0048,0.0645
0.3735,0.0048,0.0645
0.3737,0.0048,0.0645
0.3738,0.0048,0.0646
0.3739,0.0049,0.0646
0.3741,0.0049,0.0646
0.3742,0.0049,0.0647
0.3743,0.0049,0.0647
0.3745,0.0049,0.0648
0.3746,0.0049,0.0648
0.3747,0.0049,0.0648
0.3749,0.0049,0.0649
0.3750,0.0050,0.0649
0.3752,0.0050,0.0649
0.3753,0.0050,0.0650
0.3754,0.0050,0.0650
0.3756,0.0050,0.0650
0.3757,0.0050,0.0651
0.3759,0.0050,0.0651
0.3760,0.0050,0.0651
0.3761,0.0051,0.0652
0.3763,0.0051,0.0652
0.3764,0.0051,0.0652
0.3766,0.0051,0.0653
0.3767,0.0051,0.0653
0.3768,0.0051,0.0653
0.3770,0.0051,0.0654
0.3771,0.0051,0.0654
0.3773,0.0052,0.0654
0.3774,0.0052,0.0654
0.3776,0.0052,0.0655
0.3777,0.0053,0.0655
0.3778,0.0053,0.0655
0.3780,0.0053,0.0656
0.3781,0.0053,0.0656
0.3783,0.0053,0.0656
0.3784,0.0053,0.0657
0.3786,0.0053,0.0657
0.3787,0.0053,0.0657
0.3789,0.0054,0.0657
0.3790,0.0054,0.0658
0.3792,0.0054,0.0658
0.3793,0.0054,0.0658
0.3794,0.0054,0.0659
0.3796,0.0054,0.0659
0.3797,0.0054,0.0659
0.3799,0.0054,0.0659
0.3800,0.0054,0.0660
0.3802,0.0055,0.0660
0.3803,0.0055,0.0660
0.3805,0.0055,0.0660
0.3806,0.0055,0.0661
0.3808,0.0055,0.0661
0.3809,0.0055,0.0661
0.3811,0.0055,0.0661
0.3812,0.0055,0.0662
0.3814,0.0056,0.0662
0.3815,0.0056,0.0662
0.3817,0.0056,0.0662
0.3818,0.0056,0.0662
0.3820,0.0056,0.0663
0.3821,0.0056,0.0663
0.3823,0.0056,0.0663
0.3824,0.0056,0.0663
0.3826,0.0057,0.0664
0.3827,0.0057,0.0664
0.3829,0.0057,0.0664
0.3830,0.0057,0.0664
0.3832,0.0057,0.0664
0.3833,0.0057,0.0665
0.3835,0.0057,0.0665
0.3836,0.0057,0.0665
0.3838,0.0058,0.0665
0.3840,0.0058,0.0665
0.3841,0.0058,0.0665
0.3843,0.0058,0.0666
0.3844,0.0059,0.0666
0.3846,0.0058,0.0666
0.3847,0.0058,0.0666
0.3849,0.0058,0.0666
0.3850,0.0058,0.0667
0.3852,0.0059,0.0667
0.3854,0.0059,0.0667
0.3855,0.0059,0.0667
0.3857,0.0060,0.0667
0.3858,0.0060,0.0667
0.3860,0.0060,0.0667
0.3861,0.0060,0.0668
0.3863,0.0060,0.0668
0.3865,0.0060,0.0668
0.3866,0.0060,0.0668
0.3868,0.0060,0.0668
0.3869,0.0061,0.0668
0.3871,0.0061,0.0668
0.3873,0.0061,0.0669
0.3874,0.0061,0.0669
0.3876,0.0061,0.0669
0.3877,0.0061,0.0669
0.3879,0.0061,0.0669
0.3881,0.0061,0.0669
0.3882,0.0062,0.0669
0.3884,0.0062,0.0669
0.3886,0.0062,0.0669
0.3887,0.0062,0.0669
0.3889,0.0062,0.0670
0.3890,0.0062,0.0670
0.3892,0.0062,0.0670
0.3894,0.0062,0.0670
0.3895,0.0063,0.0670
0.3897,0.0063,0.0670
0.3899,0.0063,0.0670
0.3900,0.0063,0.0670
0.3902,0.0063,0.0670
0.3904,0.0063,0.0670
0.3905,0.0063,0.0670
0.3907,0.0063,0.0670
0.3909,0.0063,0.0670
0.3910,0.0064,0.0670
0.3912,0.0064,0.0670
0.3914,0.0064,0.0670
0.3915,0.0064,0.0670
0.3917,0.0064,0.0671
0.3919,0.0064,0.0671
0.3920,0.0064,0.0671
0.3922,0.0064,0.0671
0.3924,0.0065,0.0671
0.3925,0.0065,0.0671
0.3927,0.0065,0.0671
0.3929,0.0066,0.0671
0.3930,0.0066,0.0671
0.3932,0.0065,0.0671
0.3934,0.0065,0.0671
0.3936,0.0065,0.0671
0.3937,0.0066,0.0671
0.3939,0.0066,0.0671
0.3941,0.0066,0.0671
0.3942,0.0067,0.0670
0.3944,0.0067,0.0670
0.3946,0.0067,0.0670
0.3948,0.0067,0.0670
0.3949,0.0067,0.0670
0.3951,0.0067,0.0670
0.3953,0.0067,0.0670
0.3954,0.0067,0.0670
0.3956,0.0067,0.0670
0.3958,0.0068,0.0670
0.3960,0.0068,0.0670
0.3961,0.0068,0.0670
0.3963,0.0068,0.0670
0.3965,0.0068,0.0670
0.3967,0.0068,0.0670
0.3968,0.0068,0.0670
0.3970,0.0068,0.0670
0.3972,0.0069,0.0669
0.3974,0.0069,0.0669
0.3975,0.0069,0.0669
0.3977,0.0069,0.0669
0.3979,0.0069,0.0669
0.3981,0.0069,0.0669
0.3982,0.0069,0.0669
0.3984,0.0069,0.0669
0.3986,0.0070,0.0669
0.3988,0.0070,0.0668
0.3990,0.0070,0.0668
0.3991,0.0070,0.0668
0.3993,0.0070,0.0668
0.3995,0.0070,0.0668
0.3997,0.0070,0.0668
0.3999,0.0070,0.0668
0.4000,0.0070,0.0668
0.4002,0.0071,0.0667
0.4004,0.0071,0.0667
0.4006,0.0071,0.0667
0.4008,0.0071,0.0667
0.4009,0.0071,0.0667
0.4011,0.0071,0.0667
0.4013,0.0071,0.0666
0.4015,0.0071,0.0666
0.4017,0.0072,0.0666
0.4018,0.0072,0.0666
0.4020,0.0072,0.0666
0.4022,0.0072,0.0665
0.4024,0.0073,0.0665
0.4026,0.0072,0.0665
0.4028,0.0072,0.0665
0.4029,0.0072,0.0665
0.4031,0.0072,0.0664
0.4033,0.0073,0.0664
0.4035,0.0073,0.0664
0.4037,0.0073,0.0664
0.4039,0.0074,0.0663
0.4041,0.0074,0.0663
0.4042,0.0074,0.0663
0.4044,0.0073,0.0663
0.4046,0.0073,0.0662
0.4048,0.0074,0.0662
0.4050,0.0074,0.0662
0.4052,0.0074,0.0662
0.4054,0.0075,0.0661
0.4055,0.0075,0.0661
0.4057,0.0075,0.0661
0.4059,0.0075,0.0660
0.4061,0.0075,0.0660
0.4063,0.0075,0.0660
0.4065,0.0075,0.0660
0.4067,0.0075,0.0659
0.4069,0.0075,0.0659
0.4070,0.0076,0.0659
0.4072,0.0076,0.0658
0.4074,0.0076,0.0658
0.4076,0.0076,0.0658
0.4078,0.0076,0.0657
0.4080,0.0076,0.0657
0.4082,0.0076,0.0657
0.4084,0.0076,0.0656
0.4086,0.0076,0.0656
0.4088,0.0077,0.0656
0.4090,0.0077,0.0655
0.4091,0.0077,0.0655
0.4093,0.0077,0.0655
0.4095,0.0077,0.0654
0.4097,0.0077,0.0654
0.4099,0.0077,0.0654
0.4101,0.0077,0.0653
0.4103,0.0077,0.0653
0.4105,0.0078,0.0653
0.4107,0.0078,0.0652
0.4109,0.0078,0.0652
0.4111,0.0078,0.0651
0.4113,0.0077,0.0651
0.4115,0.0078,0.0651
0.4117,0.0078,0.0650
0.4119,0.0078,0.0650
0.4121,0.0078,0.0650
0.4123,0.0079,0.0649
0.4125,0.0079,0.0649
0.4127,0.0079,0.0648
0.4129,0.0078,0.0648
0.4130,0.0078,0.0648
0.4132,0.0078,0.0647
0.4134,0.0079,0.0647
0.4136,0.0079,0.0646
0.4138,0.0079,0.0646
0.4140,0.0079,0.0646
0.4142,0.0079,0.0645
0.4144,0.0079,0.0645
0.4146,0.0079,0.0644
0.4148,0.0079,0.0644
0.4151,0.0079,0.0644
0.4153,0.0079,0.0643
0.4155,0.0080,0.0643
0.4157,0.0080,0.0642
0.4159,0.0080,0.0642
0.4161,0.0080,0.0641
0.4163,0.0080,0.0641
0.4165,0.0080,0.0640
0.4167,0.0080,0.0640
0.4169,0.0080,0.0640
0.4171,0.0080,0.0639
0.4173,0.0080,0.0639
0.4175,0.0081,0.0638
0.4177,0.0081,0.0638
0.4179,0.0081,0.0637
0.4181,0.0081,0.0637
0.4183,0.0080,0.0636
0.4185,0.0080,0.0636
0.4187,0.0080,0.0635
0.4190,0.0080,0.0635
0.4192,0.0081,0.0634
0.4194,0.0081,0.0634
0.4196,0.0081,0.0634
0.4198,0.0081,0.0633
0.4200,0.0081,0.0633
0.4202,0.0081,0.0632
0.4204,0.0081,0.0632
0.4206,0.0081,0.0631
0.4209,0.0081,0.0631
0.4211,0.0081,0.0630
0.4213,0.0081,0.0630
0.4215,0.0081,0.0629
0.4217,0.0081,0.0629
0.4219,0.0081,0.0628
0.4221,0.0081,0.0628
0.4224,0.0081,0.0628
0.4226,0.0081,0.0627
0.4228,0.0081,0.0627
0.4230,0.0081,0.0626
0.4232,0.0081,0.0626
0.4234,0.0081,0.0625
0.4237,0.0081,0.0625
0.4239,0.0081,0.0624
0.4241,0.0081,0.0624
0.4243,0.0080,0.0624
0.4245,0.0080,0.0623
0.4248,0.0081,0.0623
0.4250,0.0081,0.0622
0.4252,0.0081,0.0622
0.4254,0.0081,0.0621
0.4256,0.0081,0.0621
0.4259,0.0080,0.0621
0.4261,0.0080,0.0620
0.4263,0.0080,0.0620
0.4265,0.0080,0.0619
0.4267,0.0080,0.0619
0.4270,0.0080,0.0619
0.4272,0.0080,0.0618
0.4274,0.0080,0.0618
0.4276,0.0080,0.0618
0.4278,0.0080,0.0617
0.4281,0.0079,0.0617
0.4283,0.0079,0.0617
0.4285,0.0079,0.0616
0.4287,0.0079,0.0616
0.4289,0.0079,0.0616
0.4292,0.0079,0.0616
0.4294,0.0079,0.0615
0.4296,0.0079,0.0615
0.4298,0.0078,0.0615
0.4300,0.0078,0.0615
0.4303,0.0078,0.0614
0.4305,0.0078,0.0614
0.4307,0.0078,0.0614
0.4309,0.0078,0.0614
0.4311,0.0077,0.0613
0.4314,0.0077,0.0613
0.4316,0.0077,0.0613
0.4318,0.0077,0.0613
0.4320,0.0076,0.0613
0.4322,0.0076,0.0613
0.4325,0.0076,0.0613
0.4327,0.0076,0.0612
0.4329,0.0076,0.0612
0.4331,0.0076,0.0612
0.4333,0.0076,0.0612
0.4335,0.0075,0.0612
0.4338,0.0075,0.0612
0.4340,0.0074,0.0612
0.4342,0.0074,0.0612
0.4344,0.0074,0.0612
0.4346,0.0074,0.0612
0.4348,0.0074,0.0612
0.4351,0.0073,0.0612
0.4353,0.0073,0.0612
0.4355,0.0073,0.0612
0.4357,0.0072,0.0612
0.4359,0.0072,0.0612
0.4361,0.0072,0.0612
0.4363,0.0071,0.0612
0.4366,0.0071,0.0613
0.4368,0.0071,0.0613
0.4370,0.0071,0.0613
0.4372,0.0070,0.0613
0.4374,0.0070,0.0613
0.4376,0.0070,0.0613
0.4378,0.0069,0.0614
0.4381,0.0069,0.0614
0.4383,0.0068,0.0614
0.4385,0.0068,0.0614
0.4387,0.0068,0.0615
0.4389,0.0067,0.0615
0.4391,0.0067,0.0615
0.4394,0.0066,0.0616
0.4396,0.0066,0.0616
0.4398,0.0065,0.0616
0.4400,0.0065,0.0617
0.4402,0.0064,0.0617
0.4404,0.0064,0.0618
0.4407,0.0064,0.0618
0.4409,0.0063,0.0618
0.4411,0.0063,0.0619
0.4413,0.0062,0.0619
0.4415,0.0061,0.0620
0.4417,0.0061,0.0620
0.4420,0.0060,0.0621
0.4422,0.0060,0.0621
0.4424,0.0059,0.0622
0.4426,0.0059,0.0622
0.4428,0.0058,0.0623
0.4430,0.0057,0.0623
0.4433,0.0057,0.0624
0.4435,0.0056,0.0624
0.4437,0.0055,0.0625
0.4439,0.0055,0.0625
0.4441,0.0054,0.0626
0.4442,0.0054,0.0626
0.4444,0.0053,0.0627
0.4446,0.0053,0.0627
0.4448,0.0052,0.0627
0.4450,0.0051,0.0628
0.4452,0.0051,0.0628
0.4453,0.0050,0.0628
0.4455,0.0050,0.0629
0.4457,0.0049,0.0629
0.4458,0.0049,0.0629
0.4460,0.0049,0.0629
0.4462,0.0048,0.0629
0.4463,0.0047,0.0630
0.4465,0.0047,0.0630
0.4466,0.0046,0.0630
0.4468,0.0046,0.0630
0.4469,0.0045,0.0630
0.4471,0.0045,0.0631
0.4472,0.0045,0.0631
0.4474,0.0045,0.0631
0.4475,0.0044,0.0631
0.4477,0.0043,0.0631
0.4478,0.0043,0.0632
0.4480,0.0042,0.0632
0.4481,0.0042,0.0632
0.4482,0.0042,0.0632
0.4484,0.0042,0.0632
0.4485,0.0042,0.0633
0.4487,0.0041,0.0633
0.4488,0.0041,0.0633
0.4489,0.0040,0.0633
0.4491,0.0040,0.0633
0.4492,0.0040,0.0633
0.4494,0.0040,0.0634
0.4495,0.0040,0.0634
0.4496,0.0039,0.0634
0.4498,0.0039,0.0634
0.4499,0.0039,0.0635
0.4501,0.0038,0.0635
0.4503,0.0038,0.0635
0.4504,0.0038,0.0635
0.4506,0.0037,0.0636
0.4507,0.0037,0.0636
0.4509,0.0037,0.0636
0.4510,0.0037,0.0637
0.4512,0.0037,0.0637
0.4513,0.0036,0.0638
0.4515,0.0036,0.0638
0.4517,0.0036,0.0638
0.4518,0.0035,0.0639
0.4520,0.0035,0.0639
0.4521,0.0035,0.0640
0.4523,0.0035,0.0640
0.4524,0.0035,0.0640
0.4526,0.0035,0.0641
0.4528,0.0034,0.0641
0.4529,0.0034,0.0642
0.4531,0.0034,0.0642
0.4532,0.0034,0.0643
0.4534,0.0033,0.0643
0.4536,0.0033,0.0644
0.4537,0.0033,0.0644
0.4539,0.0033,0.0644
0.4540,0.0033,0.0645
0.4542,0.0033,0.0645
0.4543,0.0032,0.0646
0.4545,0.0032,0.0646
0.4546,0.0032,0.0647
0.4548,0.0032,0.0647
0.4549,0.0032,0.0648
0.4551,0.0032,0.0648
0.4552,0.0032,0.0648
0.4554,0.0031,0.0649
0.4555,0.0031,0.0649
0.4557,0.0031,0.0650
0.4558,0.0031,0.0650
0.4560,0.0031,0.0651
0.4561,0.0031,0.0651
0.4563,0.0031,0.0651
0.4564,0.0030,0.0652
0.4566,0.0030,0.0652
0.4567,0.0030,0.0653
0.4569,0.0030,0.0653
0.4570,0.0029,0.0653
0.4572,0.0029,0.0654
0.4573,0.0029,0.0654
0.4575,0.0029,0.0655
0.4576,0.0029,0.0655
0.4578,0.0029,0.0656
0.4579,0.0029,0.0656
0.4580,0.0029,0.0656
0.4582,0.0028,0.0657
0.4583,0.0028,0.0657
0.4585,0.0028,0.0657
0.4586,0.0028,0.0658
0.4588,0.0028,0.0658
0.4589,0.0028,0.0659
0.4590,0.0028,0.0659
0.4592,0.0028,0.0659
0.4593,0.0028,0.0660
0.4595,0.0027,0.0660
0.4596,0.0027,0.0660
0.4598,0.0027,0.0661
0.4599,0.0027,0.0661
0.4600,0.0027,0.0662
0.4602,0.0027,0.0662
0.4603,0.0027,0.0662
0.4605,0.0027,0.0663
0.4606,0.0026,0.0663
0.4607,0.0026,0.0663
0.4609,0.0026,0.0664
0.4610,0.0026,0.0664
0.4612,0.0026,0.0664
0.4613,0.0026,0.0665
0.4614,0.0026,0.0665
0.4616,0.0026,0.0665
0.4617,0.0025,0.0666
0.4619,0.0025,0.0666
0.4620,0.0025,0.0666
0.4621,0.0025,0.0667
0.4623,0.0025,0.0667
0.4624,0.0025,0.0667
0.4626,0.0025,0.0668
0.4627,0.0025,0.0668
0.4628,0.0025,0.0668
0.4630,0.0024,0.0669
0.4631,0.0024,0.0669
0.4633,0.0024,0.0669
0.4634,0.0024,0.0670
0.4635,0.0024,0.0670
0.4637,0.0024,0.0670
0.4638,0.0024,0.0671
0.4639,0.0024,0.0671
0.4641,0.0023,0.0671
0.4642,0.0023,0.0672
0.4644,0.0023,0.0672
0.4645,0.0023,0.0672
0.4647,0.0023,0.0672
0.4648,0.0023,0.0673
0.4649,0.0023,0.0673
0.4651,0.0023,0.0673
0.4652,0.0022,0.0674
0.4654,0.0022,0.0674
0.4655,0.0022,0.0674
0.4656,0.0022,0.0675
0.4658,0.0022,0.0675
0.4659,0.0022,0.0675
0.4661,0.0022,0.0675
0.4662,0.0022,0.0676
0.4663,0.0021,0.0676
0.4665,0.0021,0.0676
0.4666,0.0021,0.0677
0.4668,0.0021,0.0677
0.4669,0.0020,0.0677
0.4671,0.0020,0.0677
0.4672,0.0020,0.0678
0.4673,0.0021,0.0678
0.4675,0.0020,0.0678
0.4676,0.0020,0.0679
0.4678,0.0020,0.0679
0.4679,0.0020,0.0679
0.4681,0.0019,0.0679
0.4682,0.0019,0.0680
0.4684,0.0019,0.0680
0.4685,0.0019,0.0680
0.4687,0.0019,0.0680
0.4688,0.0019,0.0681
0.4689,0.0019,0.0681
0.4691,0.0019,0.0681
0.4692,0.0018,0.0681
0.4694,0.0018,0.0682
0.4695,0.0018,0.0682
0.4697,0.0018,0.0682
0.4698,0.0018,0.0682
0.4700,0.0018,0.0683
0.4701,0.0018,0.0683
0.4703,0.0018,0.0683
0.4704,0.0018,0.0683
0.4706,0.0017,0.0683
0.4707,0.0017,0.0684
0.4709,0.0017,0.0684
0.4710,0.0017,0.0684
0.4712,0.0017,0.0684
0.4713,0.0017,0.0684
0.4715,0.0017,0.0685
0.4716,0.0017,0.0685
0.4718,0.0017,0.0685
0.4719,0.0016,0.0685
0.4721,0.0016,0.0685
0.4722,0.0016,0.0686
0.4724,0.0016,0.0686
0.4725,0.0016,0.0686
0.4727,0.0016,0.0686
0.4728,0.0016,0.0686
0.4730,0.0016,0.0687
0.4731,0.0015,0.0687
0.4733,0.0015,0.0687
0.4735,0.0015,0.0687
0.4736,0.0015,0.0687
0.4738,0.0015,0.0687
0.4739,0.0015,0.0688
0.4741,0.0015,0.0688
0.4742,0.0015,0.0688
0.4744,0.0015,0.0688
0.4745,0.0014,0.0688
0.4747,0.0014,0.0688
0.4748,0.0014,0.0688
0.4750,0.0014,0.0689
0.4752,0.0014,0.0689
0.4753,0.0014,0.0689
0.4755,0.0014,0.0689
0.4756,0.0014,0.0689
0.4758,0.0013,0.0689
0.4759,0.0013,0.0689
0.4761,0.0013,0.0690
0.4763,0.0013,0.0690
0.4764,0.0013,0.0690
0.4766,0.0013,0.0690
0.4767,0.0013,0.0690
0.4769,0.0013,0.0690
0.4770,0.0013,0.0690
0.4772,0.0012,0.0690
0.4774,0.0012,0.0690
0.4775,0.0012,0.0691
0.4777,0.0012,0.0691
0.4779,0.0012,0.0691
0.4780,0.0012,0.0691
0.4782,0.0012,0.0691
0.4783,0.0012,0.0691
0.4785,0.0012,0.0691
0.4787,0.0011,0.0691
0.4788,0.0011,0.0691
0.4790,0.0011,0.0691
0.4791,0.0011,0.0691
0.4793,0.0011,0.0691
0.4795,0.0011,0.0692
0.4796,0.0011,0.0692
0.4798,0.0011,0.0692
0.4800,0.0011,0.0692
0.4801,0.0010,0.0692
0.4803,0.0010,0.0692
0.4805,0.0010,0.0692
0.4806,0.0010,0.0692
0.4808,0.0010,0.0692
0.4810,0.0010,0.0692
0.4811,0.0010,0.0692
0.4813,0.0010,0.0692
0.4815,0.0010,0.0692
0.4816,0.0009,0.0692
0.4818,0.0009,0.0692
0.4820,0.0009,0.0692
0.4821,0.0009,0.0692
0.4823,0.0009,0.0692
0.4825,0.0009,0.0692
0.4826,0.0009,0.0692
0.4828,0.0009,0.0692
0.4830,0.0009,0.0692
0.4831,0.0008,0.0692
0.4833,0.0008,0.0692
0.4835,0.0008,0.0692
0.4836,0.0008,0.0692
0.4838,0.0008,0.0692
0.4840,0.0008,0.0692
0.4841,0.0008,0.0692
0.4843,0.0008,0.0692
0.4845,0.0007,0.0692
0.4847,0.0007,0.0692
0.4848,0.0007,0.0691
0.4850,0.0007,0.0691
0.4852,0.0007,0.0691
0.4854,0.0007,0.0691
0.4855,0.0007,0.0691
0.4857,0.0007,0.0691
0.4859,0.0007,0.0691
0.4860,0.0006,0.0691
0.4862,0.0006,0.0691
0.4864,0.0006,0.0691
0.4866,0.0006,0.0691
0.4867,0.0006,0.0691
0.4869,0.0006,0.0691
0.4871,0.0006,0.0691
0.4873,0.0006,0.0690
0.4874,0.0006,0.0690
0.4876,0.0005,0.0690
0.4878,0.0005,0.0690
0.4880,0.0005,0.0690
0.4881,0.0005,0.0690
0.4883,0.0005,0.0690
0.4885,0.0005,0.0690
0.4887,0.0005,0.0689
0.4888,0.0005,0.0689
0.4890,0.0005,0.0689
0.4892,0.0005,0.0689
0.4894,0.0004,0.0689
0.4896,0.0004,0.0689
0.4897,0.0004,0.0688
0.4899,0.0005,0.0688
0.4901,0.0005,0.0688
0.4903,0.0004,0.0688
0.4905,0.0004,0.0688
0.4906,0.0004,0.0688
0.4908,0.0004,0.0687
0.4910,0.0003,0.0687
0.4912,0.0003,0.0687
0.4914,0.0004,0.0687
0.4915,0.0004,0.0687
0.4917,0.0004,0.0686
0.4919,0.0003,0.0686
0.4921,0.0003,0.0686
0.4923,0.0003,0.0686
0.4924,0.0003,0.0685
0.4926,0.0002,0.0685
0.4928,0.0003,0.0685
0.4930,0.0003,0.0685
0.4932,0.0003,0.0685
0.4934,0.0003,0.0684
0.4935,0.0003,0.0684
0.4937,0.0002,0.0684
0.4939,0.0002,0.0684
0.4941,0.0002,0.0683
0.4943,0.0002,0.0683
0.4945,0.0002,0.0683
0.4946,0.0002,0.0682
0.4948,0.0002,0.0682
0.4950,0.0002,0.0682
0.4952,0.0002,0.0682
0.4954,0.0001,0.0681
0.4956,0.0001,0.0681
0.4958,0.0001,0.0681
0.4960,0.0001,0.0680
0.4961,0.0001,0.0680
0.4963,0.0001,0.0680
0.4965,0.0001,0.0680
0.4967,0.0001,0.0679
0.4969,0.0001,0.0679
0.4971,0.0000,0.0678
0.4973,0.0000,0.0678
0.4975,-0.0000,0.0678
0.4976,-0.0000,0.0677
0.4978,-0.0000,0.0677
0.4980,0.0000,0.0677
0.4982,0.0000,0.0676
0.4984,-0.0000,0.0676
0.4986,-0.0000,0.0676
0.4988,-0.0001,0.0675
0.4990,-0.0001,0.0675
0.4992,-0.0001,0.0675
0.4993,-0.0001,0.0674
0.4995,-0.0001,0.0674
0.4997,-0.0001,0.0673
0.4999,-0.0001,0.0673
0.5001,-0.0001,0.0673
0.5003,-0.0001,0.0672
0.5005,-0.0001,0.0672
0.5007,-0.0002,0.0671
0.5009,-0.0002,0.0671
0.5011,-0.0002,0.0670
0.5013,-0.0002,0.0670
0.5014,-0.0002,0.0670
0.5016,-0.0002,0.0669
0.5018,-0.0002,0.0669
0.5020,-0.0002,0.0668
0.5022,-0.0002,0.0668
0.5024,-0.0003,0.0667
0.5026,-0.0003,0.0667
0.5028,-0.0003,0.0666
0.5030,-0.0003,0.0666
0.5032,-0.0002,0.0665
0.5034,-0.0002,0.0665
0.5036,-0.0003,0.0664
0.5038,-0.0003,0.0664
0.5040,-0.0003,0.0663
0.5042,-0.0003,0.0663
0.5044,-0.0004,0.0662
0.5045,-0.0003,0.0662
0.5047,-0.0003,0.0661
0.5049,-0.0003,0.0661
0.5051,-0.0003,0.0660
0.5053,-0.0003,0.0660
0.5055,-0.0004,0.0659
0.5057,-0.0004,0.0659
0.5059,-0.0004,0.0658
0.5061,-0.0004,0.0658
0.5063,-0.0004,0.0657
0.5065,-0.0004,0.0657
0.5067,-0.0004,0.0656
0.5069,-0.0004,0.0655
0.5071,-0.0004,0.0655
0.5073,-0.0005,0.0654
0.5075,-0.0005,0.0654
0.5077,-0.0005,0.0653
0.5079,-0.0005,0.0653
0.5081,-0.0005,0.0652
0.5083,-0.0005,0.0651
0.5085,-0.0005,0.0651
0.5087,-0.0005,0.0650
0.5089,-0.0005,0.0650
0.5091,-0.0005,0.0649
0.5093,-0.0006,0.0648
0.5095,-0.0006,0.0648
0.5097,-0.0006,0.0647
0.5099,-0.0006,0.0646
0.5101,-0.0006,0.0646
0.5103,-0.0006,0.0645
0.5105,-0.0006,0.0645
0.5107,-0.0006,0.0644
0.5109,-0.0006,0.0643
0.5111,-0.0006,0.0642
0.5113,-0.0007,0.0642
0.5115,-0.0007,0.0641
0.5117,-0.0006,0.0640
0.5119,-0.0006,0.0640
0.5121,-0.0006,0.0639
0.5123,-0.0006,0.0638
0.5125,-0.0007,0.0638
0.5127,-0.0007,0.0637
0.5129,-0.0007,0.0636
0.5131,-0.0007,0.0636
0.5133,-0.0007,0.0635
0.5135,-0.0007,0.0634
0.5137,-0.0007,0.0633
0.5139,-0.0007,0.0633
0.5141,-0.0007,0.0632
0.5143,-0.0007,0.0631
0.5145,-0.0008,0.0631
0.5147,-0.0008,0.0630
0.5149,-0.0008,0.0629
0.5151,-0.0008,0.0628
0.5153,-0.0008,0.0627
0.5155,-0.0008,0.0627
0.5157,-0.0008,0.0626
0.5159,-0.0008,0.0625
0.5161,-0.0008,0.0624
0.5163,-0.0008,0.0624
0.5165,-0.0008,0.0623
0.5168,-0.0008,0.0622
0.5170,-0.0008,0.0621
0.5172,-0.0008,0.0620
0.5174,-0.0008,0.0620
0.5176,-0.0008,0.0619
0.5178,-0.0008,0.0618
0.5180,-0.0008,0.0617
0.5182,-0.0009,0.0616
0.5184,-0.0009,0.0616
0.5186,-0.0009,0.0615
0.5188,-0.0009,0.0614
0.5190,-0.0009,0.0613
0.5192,-0.0009,0.0612
0.5194,-0.0009,0.0611
0.5196,-0.0009,0.0611
0.5198,-0.0009,0.0610
0.5200,-0.0009,0.0609
0.5203,-0.0009,0.0608
0.5205,-0.0009,0.0607
0.5207,-0.0009,0.0606
0.5209,-0.0009,0.0605
0.5211,-0.0009,0.0605
0.5213,-0.0009,0.0604
0.5215,-0.0009,0.0603
0.5217,-0.0009,0.0602
0.5219,-0.0009,0.0601
0.5221,-0.0010,0.0600
0.5223,-0.0009,0.0599
0.5226,-0.0009,0.0598
0.5228,-0.0009,0.0598
0.5230,-0.0009,0.0597
0.5232,-0.0009,0.0596
0.5234,-0.0009,0.0595
0.5236,-0.0009,0.0594
0.5238,-0.0010,0.0593
0.5240,-0.0010,0.0592
0.5242,-0.0010,0.0591
0.5245,-0.0009,0.0590
0.5247,-0.0009,0.0589
0.5249,-0.0009,0.0588
0.5251,-0.0009,0.0587
0.5253,-0.0009,0.0586
0.5255,-0.0009,0.0585
0.5257,-0.0010,0.0585
0.5260,-0.0010,0.0584
0.5262,-0.0009,0.0583
0.5264,-0.0009,0.0582
0.5266,-0.0009,0.0581
0.5268,-0.0009,0.0580
0.5270,-0.0009,0.0579
0.5272,-0.0009,0.0578
0.5275,-0.0009,0.0577
0.5277,-0.0009,0.0576
0.5279,-0.0009,0.0575
0.5281,-0.0009,0.0574
0.5283,-0.0009,0.0573
0.5285,-0.0009,0.0572
0.5288,-0.0008,0.0572
0.5290,-0.0008,0.0571
0.5292,-0.0009,0.0570
0.5294,-0.0009,0.0569
0.5296,-0.0009,0.0568
0.5298,-0.0009,0.0567
0.5301,-0.0008,0.0566
0.5303,-0.0008,0.0565
0.5305,-0.0008,0.0564
0.5307,-0.0008,0.0564
0.5309,-0.0008,0.0563
0.5311,-0.0008,0.0562
0.5314,-0.0008,0.0561
0.5316,-0.0008,0.0560
0.5318,-0.0008,0.0559
0.5320,-0.0007,0.0559
0.5322,-0.0007,0.0558
0.5324,-0.0007,0.0557
